-- MySQL dump 10.13  Distrib 5.7.17, for macos10.12 (x86_64)
--
-- Host: ra1.anystream.eu    Database: quizbot
-- ------------------------------------------------------
-- Server version	8.0.16

/*!40101 SET @OLD_CHARACTER_SET_CLIENT=@@CHARACTER_SET_CLIENT */;
/*!40101 SET @OLD_CHARACTER_SET_RESULTS=@@CHARACTER_SET_RESULTS */;
/*!40101 SET @OLD_COLLATION_CONNECTION=@@COLLATION_CONNECTION */;
/*!40101 SET NAMES utf8 */;
/*!40103 SET @OLD_TIME_ZONE=@@TIME_ZONE */;
/*!40103 SET TIME_ZONE='+00:00' */;
/*!40014 SET @OLD_UNIQUE_CHECKS=@@UNIQUE_CHECKS, UNIQUE_CHECKS=0 */;
/*!40014 SET @OLD_FOREIGN_KEY_CHECKS=@@FOREIGN_KEY_CHECKS, FOREIGN_KEY_CHECKS=0 */;
/*!40101 SET @OLD_SQL_MODE=@@SQL_MODE, SQL_MODE='NO_AUTO_VALUE_ON_ZERO' */;
/*!40111 SET @OLD_SQL_NOTES=@@SQL_NOTES, SQL_NOTES=0 */;

--
-- Table structure for table `answer`
--

DROP TABLE IF EXISTS `answer`;
/*!40101 SET @saved_cs_client     = @@character_set_client */;
/*!40101 SET character_set_client = utf8 */;
CREATE TABLE `answer` (
  `answer_id` int(11) NOT NULL AUTO_INCREMENT,
  `answer_content` text NOT NULL,
  `answer_correct` bit(1) DEFAULT NULL,
  `question_id` int(11) DEFAULT NULL,
  PRIMARY KEY (`answer_id`),
  KEY `question_id` (`question_id`),
  CONSTRAINT `answer_ibfk_1` FOREIGN KEY (`question_id`) REFERENCES `question` (`question_id`) ON DELETE CASCADE ON UPDATE RESTRICT
) ENGINE=InnoDB AUTO_INCREMENT=569 DEFAULT CHARSET=utf8;
/*!40101 SET character_set_client = @saved_cs_client */;

--
-- Dumping data for table `answer`
--

LOCK TABLES `answer` WRITE;
/*!40000 ALTER TABLE `answer` DISABLE KEYS */;
INSERT INTO `answer` VALUES (5,'Correct Answer of question No 2','',2),(6,'Wrong Answer of question No 2','\0',2),(7,'Wrong Answer of question No 2','\0',2),(8,'Wrong Answer of question No 2','\0',2),(9,'Correct Answer of question No 3','',3),(10,'Wrong Answer of question No 3','\0',3),(11,'Wrong Answer of question No 3','\0',3),(12,'Wrong Answer of question No 3','\0',3),(13,'Correct Answer of question No 4','',4),(14,'Wrong Answer of question No 4','\0',4),(15,'Wrong Answer of question No 4','\0',4),(16,'Wrong Answer of question No 4','\0',4),(17,'Correct Answer of question No 5','',5),(18,'Wrong Answer of question No 5','\0',5),(19,'Wrong Answer of question No 5','\0',5),(20,'Wrong Answer of question No 5','\0',5),(21,'Correct Answer of question No 6','',6),(22,'Wrong Answer of question No 6','\0',6),(23,'Wrong Answer of question No 6','\0',6),(24,'Wrong Answer of question No 6','\0',6),(25,'Correct Answer of question No 7','',7),(26,'Wrong Answer of question No 7','\0',7),(27,'Wrong Answer of question No 7','\0',7),(28,'Wrong Answer of question No 7','\0',7),(33,'Correct Answer of question No 9','',9),(34,'Wrong Answer of question No 9','\0',9),(35,'Wrong Answer of question No 9','\0',9),(36,'Wrong Answer of question No 9','\0',9),(37,'Correct Answer of question No 10','',10),(38,'Wrong Answer of question No 10','\0',10),(39,'Wrong Answer of question No 10','\0',10),(40,'Wrong Answer of question No 10','\0',10),(41,'Correct Answer of question No 11','',11),(42,'Wrong Answer of question No 11','\0',11),(43,'Wrong Answer of question No 11','\0',11),(44,'Wrong Answer of question No 11','\0',11),(45,'Correct Answer of question No 12','',12),(46,'Wrong Answer of question No 12','\0',12),(47,'Wrong Answer of question No 12','\0',12),(48,'Wrong Answer of question No 12','\0',12),(49,'Correct Answer of question No 13','',13),(50,'Wrong Answer of question No 13','\0',13),(51,'Wrong Answer of question No 13','\0',13),(52,'Wrong Answer of question No 13','\0',13),(53,'Correct Answer of question No 14','',14),(54,'Wrong Answer of question No 14','\0',14),(55,'Wrong Answer of question No 14','\0',14),(56,'Wrong Answer of question No 14','\0',14),(57,'Correct Answer of question No 15','',15),(58,'Wrong Answer of question No 15','\0',15),(59,'Wrong Answer of question No 15','\0',15),(60,'Wrong Answer of question No 15','\0',15),(61,'Correct Answer of question No 16','',16),(62,'Wrong Answer of question No 16','\0',16),(63,'Wrong Answer of question No 16','\0',16),(64,'Wrong Answer of question No 16','\0',16),(65,'Correct Answer of question No 17','',17),(66,'Wrong Answer of question No 17','\0',17),(67,'Wrong Answer of question No 17','\0',17),(68,'Wrong Answer of question No 17','\0',17),(69,'Correct Answer of question No 18','',18),(70,'Wrong Answer of question No 18','\0',18),(71,'Wrong Answer of question No 18','\0',18),(72,'Wrong Answer of question No 18','\0',18),(73,'Correct Answer of question No 19','',19),(74,'Wrong Answer of question No 19','\0',19),(75,'Wrong Answer of question No 19','\0',19),(76,'Wrong Answer of question No 19','\0',19),(77,'Correct Answer of question No 20','',20),(78,'Wrong Answer of question No 20','\0',20),(79,'Wrong Answer of question No 20','\0',20),(80,'Wrong Answer of question No 20','\0',20),(81,'Correct Answer of question No 21','',21),(82,'Wrong Answer of question No 21','\0',21),(83,'Wrong Answer of question No 21','\0',21),(84,'Wrong Answer of question No 21','\0',21),(85,'Correct Answer of question No 22','',22),(86,'Wrong Answer of question No 22','\0',22),(87,'Wrong Answer of question No 22','\0',22),(88,'Wrong Answer of question No 22','\0',22),(89,'Correct Answer of question No 23','',23),(90,'Wrong Answer of question No 23','\0',23),(91,'Wrong Answer of question No 23','\0',23),(92,'Wrong Answer of question No 23','\0',23),(93,'Correct Answer of question No 24','',24),(94,'Wrong Answer of question No 24','\0',24),(95,'Wrong Answer of question No 24','\0',24),(96,'Wrong Answer of question No 24','\0',24),(97,'Correct Answer of question No 25','',25),(98,'Wrong Answer of question No 25','\0',25),(99,'Wrong Answer of question No 25','\0',25),(100,'Wrong Answer of question No 25','\0',25),(101,'Correct Answer of question No 26','',26),(102,'Wrong Answer of question No 26','\0',26),(103,'Wrong Answer of question No 26','\0',26),(104,'Wrong Answer of question No 26','\0',26),(105,'Correct Answer of question No 27','',27),(106,'Wrong Answer of question No 27','\0',27),(107,'Wrong Answer of question No 27','\0',27),(108,'Wrong Answer of question No 27','\0',27),(109,'Correct Answer of question No 28','',28),(110,'Wrong Answer of question No 28','\0',28),(111,'Wrong Answer of question No 28','\0',28),(112,'Wrong Answer of question No 28','\0',28),(113,'Correct Answer of question No 29','',29),(114,'Wrong Answer of question No 29','\0',29),(115,'Wrong Answer of question No 29','\0',29),(116,'Wrong Answer of question No 29','\0',29),(117,'Correct Answer of question No 30','',30),(118,'Wrong Answer of question No 30','\0',30),(119,'Wrong Answer of question No 30','\0',30),(120,'Wrong Answer of question No 30','\0',30),(121,'Correct Answer of question No 31','',31),(122,'Wrong Answer of question No 31','\0',31),(123,'Wrong Answer of question No 31','\0',31),(124,'Wrong Answer of question No 31','\0',31),(125,'Correct Answer of question No 32','',32),(126,'Wrong Answer of question No 32','\0',32),(127,'Wrong Answer of question No 32','\0',32),(128,'Wrong Answer of question No 32','\0',32),(129,'Correct Answer of question No 33','',33),(130,'Wrong Answer of question No 33','\0',33),(131,'Wrong Answer of question No 33','\0',33),(132,'Wrong Answer of question No 33','\0',33),(133,'Correct Answer of question No 34','',34),(134,'Wrong Answer of question No 34','\0',34),(135,'Wrong Answer of question No 34','\0',34),(136,'Wrong Answer of question No 34','\0',34),(137,'Correct Answer of question No 35','',35),(138,'Wrong Answer of question No 35','\0',35),(139,'Wrong Answer of question No 35','\0',35),(140,'Wrong Answer of question No 35','\0',35),(141,'Correct Answer of question No 36','',36),(142,'Wrong Answer of question No 36','\0',36),(143,'Wrong Answer of question No 36','\0',36),(144,'Wrong Answer of question No 36','\0',36),(145,'Correct Answer of question No 37','',37),(146,'Wrong Answer of question No 37','\0',37),(147,'Wrong Answer of question No 37','\0',37),(148,'Wrong Answer of question No 37','\0',37),(149,'Correct Answer of question No 38','',38),(150,'Wrong Answer of question No 38','\0',38),(151,'Wrong Answer of question No 38','\0',38),(152,'Wrong Answer of question No 38','\0',38),(153,'Correct Answer of question No 39','',39),(154,'Wrong Answer of question No 39','\0',39),(155,'Wrong Answer of question No 39','\0',39),(156,'Wrong Answer of question No 39','\0',39),(157,'Correct Answer of question No 40','',40),(158,'Wrong Answer of question No 40','\0',40),(159,'Wrong Answer of question No 40','\0',40),(160,'Wrong Answer of question No 40','\0',40),(161,'Correct Answer of question No 41','',41),(162,'Wrong Answer of question No 41','\0',41),(163,'Wrong Answer of question No 41','\0',41),(164,'Wrong Answer of question No 41','\0',41),(165,'Correct Answer of question No 42','',42),(166,'Wrong Answer of question No 42','\0',42),(167,'Wrong Answer of question No 42','\0',42),(168,'Wrong Answer of question No 42','\0',42),(169,'Correct Answer of question No 43','',43),(170,'Wrong Answer of question No 43','\0',43),(171,'Wrong Answer of question No 43','\0',43),(172,'Wrong Answer of question No 43','\0',43),(173,'Correct Answer of question No 44','',44),(174,'Wrong Answer of question No 44','\0',44),(175,'Wrong Answer of question No 44','\0',44),(176,'Wrong Answer of question No 44','\0',44),(177,'Correct Answer of question No 45','',45),(178,'Wrong Answer of question No 45','\0',45),(179,'Wrong Answer of question No 45','\0',45),(180,'Wrong Answer of question No 45','\0',45),(181,'Correct Answer of question No 46','',46),(182,'Wrong Answer of question No 46','\0',46),(183,'Wrong Answer of question No 46','\0',46),(184,'Wrong Answer of question No 46','\0',46),(185,'Correct Answer of question No 47','',47),(186,'Wrong Answer of question No 47','\0',47),(187,'Wrong Answer of question No 47','\0',47),(188,'Wrong Answer of question No 47','\0',47),(189,'Correct Answer of question No 48','',48),(190,'Wrong Answer of question No 48','\0',48),(191,'Wrong Answer of question No 48','\0',48),(192,'Wrong Answer of question No 48','\0',48),(193,'Correct Answer of question No 49','',49),(194,'Wrong Answer of question No 49','\0',49),(195,'Wrong Answer of question No 49','\0',49),(196,'Wrong Answer of question No 49','\0',49),(197,'Correct Answer of question No 50','',50),(198,'Wrong Answer of question No 50','\0',50),(199,'Wrong Answer of question No 50','\0',50),(200,'Wrong Answer of question No 50','\0',50),(201,'ans1','\0',55),(202,'ans2','\0',55),(203,'ans3','\0',55),(204,'ans4','',55),(205,'ans1ofquestsample','\0',56),(206,'ans2ofquestsample','\0',56),(207,'ans3ofquestsample','\0',56),(208,'ans4ofquestsample','',56),(209,'md1','\0',57),(210,'md2','\0',57),(211,'md3','',57),(212,'md4','\0',57),(225,'Java Virtual Machine','',60),(226,'Common Language Runtime','\0',60),(227,'Common Type System','\0',60),(228,'Common Language Specification','\0',60),(229,'mscoree.dll','',61),(230,'mcoree.dll','\0',61),(231,'msoree.dll','\0',61),(232,'mscor.dll','\0',61),(233,'Simple Object Access Program','\0',62),(234,'Simple Object Access Protocol','',62),(235,'Simple Object Application Protocol','\0',62),(236,'Simple Object Account Protocol','\0',62),(237,'Function','\0',63),(238,'Metadata','\0',63),(239,'Method','',63),(240,'Managed code','\0',63),(241,'Class()','\0',64),(242,'Main()','',64),(243,'Submain()','\0',64),(244,'Namespace','\0',64),(245,'Constant','\0',65),(246,'Reference type','\0',65),(247,'Variable','',65),(248,'Object','\0',65),(249,'Bool type','\0',66),(250,'Instance type','\0',66),(251,'Class type','\0',66),(252,'Object type','',66),(253,'Center-associative','\0',67),(254,'Right-associative','\0',67),(255,'Left-associative','',67),(256,'Top-associative','\0',67),(257,'goto','\0',68),(258,'Label','',68),(259,'Logical','\0',68),(260,'Bitwise','\0',68),(261,'Square','\0',69),(262,'Triangular','\0',69),(263,'Rectangular','',69),(264,'Cube','\0',69),(265,'Input','\0',70),(266,'Reference','\0',70),(267,'Value','\0',70),(268,'Output','',70),(269,'Square','\0',71),(270,'Semicolon','\0',71),(271,'Parenthesis','',71),(272,'Colon','\0',71),(273,'System','\0',72),(274,'Global','\0',72),(275,'Local','',72),(276,'Console','\0',72),(277,'parameterized','\0',73),(278,'parameter-less','',73),(279,'Class','\0',73),(280,'Method','\0',73),(281,'Different','',74),(282,'Same','\0',74),(283,'Invoking','\0',74),(284,'Calling','\0',74),(285,'Protected','\0',75),(286,'Public','\0',75),(287,'Private','',75),(288,'Default','\0',75),(289,'Method Overloading','',76),(290,'Method Overriding','\0',76),(291,'Method Overwriting','\0',76),(292,'Method Overreading','\0',76),(293,'Loop','\0',77),(294,'Functions','\0',77),(295,'Methods','\0',77),(296,'Accessor','',77),(297,'Abstract method','',78),(298,'Instance method','\0',78),(299,'Sealed method','\0',78),(300,'Expression method','\0',78),(301,'Data hiding','\0',79),(302,'Encapsulation','',79),(303,'Information Hiding','\0',79),(304,'Polymorphism','\0',79),(305,'Commutative','\0',80),(306,'Associative','\0',80),(307,'Transitive','',80),(308,'Iterative','\0',80),(309,'Default point','\0',81),(310,'Invoking point','\0',81),(311,'Calling point','\0',81),(312,'Throw point','',81),(313,'Method','\0',82),(314,'Function','\0',82),(315,'Error','',82),(316,'Iterative','\0',82),(317,'Method collision','\0',83),(318,'Name collision','',83),(319,'Function collision','\0',83),(320,'Interface collision','\0',83),(321,'m.dddd E+xxx','',84),(322,'m.dddd','\0',84),(323,'E+xxx','\0',84),(324,'None of the above','\0',84),(325,'Web forms','\0',85),(326,'Window Forms','',85),(327,'Application Forms','\0',85),(328,'None of the above','\0',85),(365,'Taun Tauns','\0',90),(366,'Ice Creatures','\0',90),(367,'Mynocks','',90),(368,'Sarlaccs','\0',90),(369,'Latin and Aramaic','',91),(370,'Greek and Aramaic','\0',91),(371,'Latin and Hebrew','\0',91),(372,'English and Hebrew','\0',91),(373,'The Passion Of The Christ','',92),(374,'The Bourne Supremacy','\0',92),(375,'Kill Bill: Vol.2','\0',92),(376,'The Incredibles','\0',92),(377,'Val Kilmer','\0',93),(378,'Christian Bale','\0',93),(379,'George Clooney','\0',93),(380,'Micheal Keaton','',93),(381,'O Brother, Where Art Thou','',94),(382,'The Shawshank Redemption','\0',94),(383,'The Green Mile','\0',94),(384,'The Wicker Man','\0',94),(385,'Phillip','\0',95),(386,'Zeus','',95),(387,'Apollo','\0',95),(388,'Orion','\0',95),(389,'Tommy Lee Jones','\0',96),(390,'Clint Eastwood','\0',96),(391,'Robert Redford','\0',96),(392,'R. Lee Ermey','',96),(393,'Batman Begins','\0',97),(394,'X-men','\0',97),(395,'The Prestige','',97),(396,'American Psycho','\0',97),(397,'The Incredible Hulk','\0',98),(398,'The Punisher','\0',98),(399,'Sin City','',98),(400,'Daredevil','\0',98),(401,'The Last Dragon','\0',99),(402,'Enter The Dragon','\0',99),(403,'The Karate Kid','',99),(404,'Romeo Must Die','\0',99),(405,'Ghostbusters','\0',100),(406,'Monster House','\0',100),(407,'The Others','\0',100),(408,'Beetlejuice','',100),(409,'Literary Crime','\0',101),(410,'Narcotics','\0',101),(411,'Precrime','',101),(412,'Mindcrime','\0',101),(413,'Thelma and Louise','\0',102),(414,'The Untouchables','\0',102),(415,'Goodfellas','\0',102),(416,'Bonnie and Clyde','',102),(417,'Maverick','\0',103),(418,'The River','\0',103),(419,'Mad Max','\0',103),(420,'Braveheart','',103),(421,'Dances With Wolves','\0',104),(422,'Ghost','',104),(423,'Pretty Woman','\0',104),(424,'Total Recall','\0',104),(425,'She Wanted To Get Married','\0',105),(426,'She Wanted a Divorce','\0',105),(427,'She Was Pregnant','',105),(428,'She Loved Him','\0',105),(429,'Laryngitis','\0',106),(430,'A Heart Attack','\0',106),(431,'Amnesia','',106),(432,'A Broken Back','\0',106),(433,'Zodiac','',107),(434,'No Country For Old Men','\0',107),(435,'Nothing is Private','\0',107),(436,'Atonement','\0',107),(437,'She Was From Venus','\0',108),(438,'She Was Immortal','\0',108),(439,'She Was A Robot','\0',108),(440,'She Was Pregnant','',108),(441,'A DVD','\0',109),(442,'A Cassette Tape','\0',109),(443,'A Compact Disc','\0',109),(444,'A Video Tape','',109),(445,'Strangelove','',110),(446,'Love On The Brain','\0',110),(447,'Train','\0',110),(448,'Sign of the Times','\0',110),(449,'Διαμαντένια προβλήτα','\0',111),(450,'Καράβι στον τοίχο','\0',111),(451,'Βοριάς φυσάει τα λόγια μου','\0',111),(452,'Το ποντίκι και ο αετός','',111),(453,'Take A Bow','\0',112),(454,'Big Girls Don\'t Cry','\0',112),(455,'A Thousand Years','\0',112),(456,'Just Give Me A Reason','',112),(457,'Welcome to Tijuana','',113),(458,'Just Jammin','\0',113),(459,'Sin Contrato','\0',113),(460,'Livin\' La Vida Loca','\0',113),(461,'Θα πάρω φόρα','\0',114),(462,'Το τραγούδι αυτό','\0',114),(463,'Τέρμα το διάλειμμα','',114),(464,'Παράξενη Πόλη','\0',114),(465,'Magnificent','\0',115),(466,'Galway Girl','\0',115),(467,'ParadiseCity','\0',115),(468,'Whole Lotta Rosie','',115),(469,'Δώσε μου φωτιά','',116),(470,'Ήταν νύχτα με φεγγάρι ','\0',116),(471,'Δε με πόνεσε κανείς','\0',116),(472,'Άστατος','\0',116),(473,'Βυθισμένες Άγκυρες','\0',117),(474,'Αυτό το τραγούδι δεν είναι για σένα','',117),(475,'Δεν υπάρχει επιστροφή','\0',117),(476,'Σιωπή','\0',117),(477,'Herbman Hustling','\0',118),(478,'Pimper\'s Paradise','',118),(479,'I Would Give Anything I Own','\0',118),(480,'Many Rivers To Cross','\0',118),(481,'Φωτιά','',119),(482,'Από γυναίκες δάκρυα','\0',119),(483,'Ψεύτικο φιλί','\0',119),(484,'Ένα τραγούδι ακόμα','\0',119),(485,'Genio Atrapado','',120),(486,'Bon Appétit','\0',120),(487,'Video Phone','\0',120),(488,'Me Enamoré','\0',120),(489,'Η Χιονάτη','\0',121),(490,'Je suis bossu','\0',121),(491,'Ου-α-η-α-ω','\0',121),(492,'Trendy Λίτσα','',121),(493,'Boulevard Of Broken Dreams','\0',122),(494,'The Scientist','\0',122),(495,'Crawling','\0',122),(496,'Walk On','',122),(497,'Don\'t miss','\0',123),(498,'Smooth Criminal','',123),(499,'Crime','\0',123),(500,'Stranger','\0',123),(501,'Το Καλοκαίρι Αυτό','\0',124),(502,'Θα περιμένω','\0',124),(503,'Επικίνδυνα Φιλιά','',124),(504,'Ποιον αγαπάς','\0',124),(505,'Million Years Ago','\0',125),(506,'You Know I\'m No Good','',125),(507,'Cheers darlin','\0',125),(508,'In a Bar','\0',125),(509,'JavaScript is a stripped-down version of Java','\0',126),(510,'JavaScript\'s syntax is loosely based on Java\'s','',126),(511,'They both originated on the island of Java','\0',126),(512,'None of the above','\0',126),(513,'System.out.println(\"Hello World\")','\0',127),(514,'println (\"Hello World\")','\0',127),(515,'document.write(\"Hello World\")','',127),(516,'response.write(\"Hello World\")','\0',127),(517,'Client','',128),(518,'Server','\0',128),(519,'Object','\0',128),(520,'None of the above','\0',128),(521,'2names','',129),(522,'_first_and_last_names','\0',129),(523,'FirstAndLast','\0',129),(524,'None of the above','\0',129),(525,'<script href=\" abc.js\">','\0',130),(526,'<script name=\" abc.js\">','\0',130),(527,'<script src=\" abc.js\">','',130),(528,'None of the above','\0',130),(529,'It is a modelling language','\0',131),(530,'It is a DTP language','\0',131),(531,'It is a partial programming language','\0',131),(532,'It is used to structure documents','',131),(533,'At the end of the document','\0',132),(534,'In the <head> section','',132),(535,'At the top of the document','\0',132),(536,'In the <body> section','\0',132),(537,'body {color: black}','',133),(538,'{body;color:black}','\0',133),(539,'{body:color=black(body}','\0',133),(540,'body:color=black','\0',133),(541,'a {text-decoration:no underline}','\0',134),(542,'a {decoration:no underline}','\0',134),(543,'a {text-decoration:none}','',134),(544,'a {underline:none}','\0',134),(545,'list-type: square','\0',135),(546,'type: square','\0',135),(547,'type: 2','\0',135),(548,'list-style-type: square','',135),(549,'low level programming language','',136),(550,'middle level programming language','\0',136),(551,'high level programming language','\0',136),(552,'internet based programming language','\0',136),(553,'java.lang.Class','\0',137),(554,'java.util.Name','\0',137),(555,'java.lang.Object','',137),(556,'java.awt.Window','\0',137),(557,'executeQuery()','\0',138),(558,'executeDeleteQuery()','\0',138),(559,'executeUpdate()','',138),(560,'executeDelete()','\0',138),(561,'No error','\0',139),(562,'Compilation error','\0',139),(563,'The program won’t run','',139),(564,'Program exit','\0',139),(565,'encapsulation','\0',140),(566,'class','\0',140),(567,'inheritance','\0',140),(568,'polymorphism','',140);
/*!40000 ALTER TABLE `answer` ENABLE KEYS */;
UNLOCK TABLES;

--
-- Table structure for table `avatar`
--

DROP TABLE IF EXISTS `avatar`;
/*!40101 SET @saved_cs_client     = @@character_set_client */;
/*!40101 SET character_set_client = utf8 */;
CREATE TABLE `avatar` (
  `avatar_id` int(11) NOT NULL AUTO_INCREMENT,
  `avatar_name` varchar(20) NOT NULL,
  `avatar_cost` int(11) NOT NULL,
  `avatar_image` blob,
  PRIMARY KEY (`avatar_id`)
) ENGINE=InnoDB AUTO_INCREMENT=28 DEFAULT CHARSET=utf8;
/*!40101 SET character_set_client = @saved_cs_client */;

--
-- Dumping data for table `avatar`
--

LOCK TABLES `avatar` WRITE;
/*!40000 ALTER TABLE `avatar` DISABLE KEYS */;
INSERT INTO `avatar` VALUES (1,'Mr Cat',0,NULL),(2,'Spider-man',4500,NULL),(3,'Crazy Ork',2800,NULL),(4,'Bugs Bunny',1500,NULL),(5,'Evil Monk',2000,NULL),(6,'Dark Wolf',1800,NULL),(7,'Sirenia',3500,NULL),(8,'Ninja',1700,NULL),(9,'Emo Boy',1000,NULL),(10,'Terminatrix',2500,NULL),(11,'Blondie',1100,NULL),(12,'Chemical Trooper',1500,NULL),(13,'Anonymous',3000,NULL),(14,'Looney Squirrel',1400,NULL),(15,'Little Genius',1800,NULL),(16,'Dark Actor',1700,NULL),(17,'Tom Cruise',9990,NULL),(18,'Gotcha Girl',1300,NULL),(19,'Dragon Baller',1500,NULL),(20,'Cursed Wolf',2100,NULL),(21,'The Elf',1300,NULL),(22,'Yoda',6000,NULL),(23,'Brunette',4500,NULL),(24,'Eddie from Hell',3800,NULL),(25,'The Witcher',4000,NULL);
/*!40000 ALTER TABLE `avatar` ENABLE KEYS */;
UNLOCK TABLES;

--
-- Table structure for table `category`
--

DROP TABLE IF EXISTS `category`;
/*!40101 SET @saved_cs_client     = @@character_set_client */;
/*!40101 SET character_set_client = utf8 */;
CREATE TABLE `category` (
  `category_id` int(11) NOT NULL AUTO_INCREMENT,
  `category_name` varchar(30) NOT NULL,
  `category_image` blob,
  `category_active` bit(1) NOT NULL,
  PRIMARY KEY (`category_id`),
  UNIQUE KEY `category_name` (`category_name`)
) ENGINE=InnoDB AUTO_INCREMENT=29 DEFAULT CHARSET=utf8;
/*!40101 SET character_set_client = @saved_cs_client */;

--
-- Dumping data for table `category`
--

LOCK TABLES `category` WRITE;
/*!40000 ALTER TABLE `category` DISABLE KEYS */;
INSERT INTO `category` VALUES (1,'Category1',NULL,'\0'),(2,'Category2',NULL,'\0'),(3,'Category3',NULL,'\0'),(4,'Category4',NULL,'\0'),(5,'java',NULL,'\0'),(6,'c#',NULL,'\0'),(14,'Empty but Active',NULL,'\0'),(15,'CategoryWithPic',NULL,'\0'),(16,'catt',NULL,'\0'),(17,'catctctc',NULL,'\0'),(18,'ActiveCat',NULL,'\0'),(26,'Movies',NULL,''),(27,'Music',NULL,''),(28,'Coding',NULL,'');
/*!40000 ALTER TABLE `category` ENABLE KEYS */;
UNLOCK TABLES;

--
-- Table structure for table `question`
--

DROP TABLE IF EXISTS `question`;
/*!40101 SET @saved_cs_client     = @@character_set_client */;
/*!40101 SET character_set_client = utf8 */;
CREATE TABLE `question` (
  `question_id` int(11) NOT NULL AUTO_INCREMENT,
  `question_content` text NOT NULL,
  `category_id` int(11) NOT NULL,
  PRIMARY KEY (`question_id`),
  KEY `category_id` (`category_id`),
  CONSTRAINT `question_ibfk_1` FOREIGN KEY (`category_id`) REFERENCES `category` (`category_id`) ON DELETE CASCADE ON UPDATE RESTRICT
) ENGINE=InnoDB AUTO_INCREMENT=141 DEFAULT CHARSET=utf8;
/*!40101 SET character_set_client = @saved_cs_client */;

--
-- Dumping data for table `question`
--

LOCK TABLES `question` WRITE;
/*!40000 ALTER TABLE `question` DISABLE KEYS */;
INSERT INTO `question` VALUES (1,'Cat1-Q1',1),(2,'Cat1-Q2',1),(3,'Cat1-Q3',1),(4,'Cat1-Q4',1),(5,'Cat1-Q5',1),(6,'Cat1-Q6',1),(7,'Cat1-Q7',1),(9,'Cat1-Q9',1),(10,'Cat1-Q10',1),(11,'Cat1-Q11',1),(12,'Cat1-Q12',1),(13,'Cat1-Q13',1),(14,'Cat1-Q14',1),(15,'Cat1-Q15',1),(16,'Cat1-Q16',1),(17,'Cat1-Q17',1),(18,'Cat1-Q18',1),(19,'Cat1-Q19',1),(20,'Cat1-Q20',1),(21,'Cat2-Q1',2),(22,'Cat2-Q2',2),(23,'Cat2-Q3',2),(24,'Cat2-Q4',2),(25,'Cat2-Q5',2),(26,'Cat2-Q6',2),(27,'Cat2-Q7',2),(28,'Cat2-Q8',2),(29,'Cat2-Q9',2),(30,'Cat2-Q10',2),(31,'Cat2-Q11',2),(32,'Cat2-Q12',2),(33,'Cat2-Q13',2),(34,'Cat2-Q14',2),(35,'Cat2-Q15',2),(36,'Cat2-Q16',2),(37,'Cat2-Q17',2),(38,'Cat2-Q18',2),(39,'Cat2-Q19',2),(40,'Cat2-Q20',2),(41,'Cat3-Q1',3),(42,'Cat3-Q2',3),(43,'Cat3-Q3',3),(44,'Cat3-Q4',3),(45,'Cat3-Q5',3),(46,'Cat3-Q6',3),(47,'Cat3-Q7',3),(48,'Cat3-Q8',3),(49,'Cat3-Q9',3),(50,'Cat3-Q10',3),(55,'rfrfrf',1),(56,'questSample',2),(57,'modalTest',5),(60,'CLR is the .NET equivalent of _________.',28),(61,'The CLR is physically represented by an assembly named _______.',6),(62,'SOAP stands for __________.',6),(63,'In C#, a subroutine is called a ________.',28),(64,'All C# applications begin execution by calling the _____ method.',28),(65,'A _______ is an identifier that denotes a storage location.',6),(66,'Boxing converts a value type on the stack to an ______ on the heap.',6),(67,'In C#, all binary operators are ______.',6),(68,'A _____ is any valid C# variable ending with a colon.',6),(69,'Multidimensional arrays are sometimes called _______ Arrays.',6),(70,'______ parameters are used to pass results back to the calling method.',6),(71,'The formal-parameter-list is always enclosed in _______.',6),(72,'_______ variables are visible only in the block they are declared.',6),(73,'C# does not support _____ constructors.',28),(74,'A structure in C# provides a unique way of packing together data of ______ types.',6),(75,'Struct’s data members are ____________ by default.',6),(76,'The methods that have the same name, but different parameter lists and different definitions is called______.',6),(77,'The C# provides special methods known as _____ methods to provide access to data members.',6),(78,'When an instance method declaration includes the abstract modifier, the method is said to be an ______.',6),(79,'The theory of _____ implies that user can control the access to a class, method, or variable.',6),(80,'Inheritance is ______ in nature.',6),(81,'The point at which an exception is thrown is called the _______.',6),(82,'In C#, having unreachable code is always an _____.',6),(83,'The reason that C# does not support multiple inheritances is because of ______.',28),(84,'Exponential formatting character (‘E’ or ‘e’) converts a given value to string in the form of _______.',6),(85,'The ______ are the Graphical User Interface (GUI) components created for web based interactions.',6),(90,'In the \"Star Wars\" movies, what animals feed off the Millennium Falcon\'s power supply?',26),(91,'What are the two principal languages spoken in \"The Passion of the Christ\"?',26),(92,'Which 2004 film set a record for number of advance tickets sold?',26),(93,'Which actor played Bruce Wayne in the 1989 Tim Burton film \"Batman\"?',26),(94,'In which of these films would you find \"The Man of Constant Sorrow\"?',26),(95,'In \"Alexander\", who did Olympias believe was her son\'s father?',26),(96,'Which real-life drill sergeant played Sgt. Hartman in \"Full Metal Jacket\"?',26),(97,'Magician Ricky Jay coached Christian Bale and Hugh Jackman for their roles in what 2006 film?',26),(98,'What 2005 Robert Rodriguez film was based on graphic novels by Frank Miller?',26),(99,'In what film would you find students learning at the Cobra Kai dojo?',26),(100,'Which Tim Burton film did the studio want to name \"House Ghosts\"?',26),(101,'In what department did Detective John Anderton work in 2002\'s \"Minority Report\"?',26),(102,'Faye Dunaway and Warren Beatty played the lead characters in what 1967 gangster film?',26),(103,'Which 1995 historical drama featured the legendary Scottish Battle of Stirling?',26),(104,'The tagline of what 1990 film was \"A love that will last forever\"?',26),(105,'In \"Knocked Up\", what did Alison tell Ben eight weeks after their first meeting?',26),(106,'From what was Jason Bourne suffering at the start of 2002\'s \"The Bourne Identity\"?',26),(107,'What 2007 true-crime film was based on a book by Robert Graysmith?',26),(108,'In \"Children of Men\", what was special about Kee?',26),(109,'What type of audiovisual object is at the center of Rachel\'s investigation in \"The Ring\"?',26),(110,'Ένα από τα παρακάτω τραγούδια, έγινε γνωστό από τα Διάφανα Κρίνα. Ποιο είναι αυτό;',27),(111,'Ποιο από τα παρακάτω, είναι τραγούδι του Βασίλη Παπακωνσταντίνου.',27),(112,'Ποιο από τα παρακάτω, είναι τραγούδι της Pink;',27),(113,'Ποιο από τα παρακάτω τραγούδια, ανήκει στον Manu Chao;',27),(114,'Ποιο από τα παρακάτω, είναι τραγούδι των Magic De Spell;',27),(115,'Ποιο από τα παρακάτω, είναι τραγούδι των AC/DC;',27),(116,'Ποιο από τα παρακάτω είναι τραγούδια το Δημήτρη Μητροπάνου;',27),(117,' Ένα από τα παρακάτω τραγούδια, έγινε γνωστό από τα Διάφανα Κρίνα. Ποιο είναι αυτό;',27),(118,'Από τα παρακάτω, ποιο είναι τραγούδι των Bob Marley and the Wailers.',27),(119,'Μόνο ένα από τα παρακάτω, ανήκει στους Πυξ Λαξ. Αυτό είναι το:',27),(120,'Ποιο από τα παρακάτω, είναι τραγούδι, της Christina Aguilera;',27),(121,'Μόνο ένα από τα παρακάτω, ανήκει στους Locomondo. Αυτό είναι το:',27),(122,'Ποιο από αυτά, είναι τραγούδι των U2;',27),(123,'Ποιο από τα τέσσερα, είναι τραγούδι του Michael Jackson;',27),(124,'Ποιο από τα παρακάτω τραγούδια, ανήκει στο συγκρότημα \"MELISSES\";',27),(125,'H Amy Winehouse, έχει τραγουδήσει το:',27),(126,'Why so JavaScript and Java have similar name?',28),(127,'What is the correct JavaScript syntax to write \"Hello World\"?',28),(128,'JavaScript is interpreted by _________',28),(129,'Which of the following is not a valid JavaScript variable name?',28),(130,'What is the correct syntax for referring to an external script called \" abc.js\"?',28),(131,'Which of the following options is correct with regard to HTML?',28),(132,'Where in an HTML document is the correct place to refer to an external style sheet?',28),(133,'Which is the correct CSS syntax?',28),(134,'How do you display hyperlinks without an underline?',28),(135,'How do you make a list that lists its items with squares?',28),(136,'An assembly language is a...',28),(137,'All Java classes are derived from...',28),(138,'For the execution of DELETE SQL query in JDBC, …………. method must be used.',28),(139,'What would happen if “String[]args” is not included as an argument in the main method?',28),(140,'Method overloading is one of the ways that Java supports...',28);
/*!40000 ALTER TABLE `question` ENABLE KEYS */;
UNLOCK TABLES;

--
-- Table structure for table `role`
--

DROP TABLE IF EXISTS `role`;
/*!40101 SET @saved_cs_client     = @@character_set_client */;
/*!40101 SET character_set_client = utf8 */;
CREATE TABLE `role` (
  `role_id` int(11) NOT NULL AUTO_INCREMENT,
  `role_name` varchar(30) NOT NULL,
  PRIMARY KEY (`role_id`),
  UNIQUE KEY `role_name` (`role_name`)
) ENGINE=InnoDB AUTO_INCREMENT=3 DEFAULT CHARSET=utf8;
/*!40101 SET character_set_client = @saved_cs_client */;

--
-- Dumping data for table `role`
--

LOCK TABLES `role` WRITE;
/*!40000 ALTER TABLE `role` DISABLE KEYS */;
INSERT INTO `role` VALUES (1,'Admin'),(2,'User');
/*!40000 ALTER TABLE `role` ENABLE KEYS */;
UNLOCK TABLES;

--
-- Table structure for table `user`
--

DROP TABLE IF EXISTS `user`;
/*!40101 SET @saved_cs_client     = @@character_set_client */;
/*!40101 SET character_set_client = utf8 */;
CREATE TABLE `user` (
  `user_id` int(11) NOT NULL AUTO_INCREMENT,
  `user_nickname` varchar(15) NOT NULL,
  `user_password` varchar(60) NOT NULL,
  `user_email` varchar(60) NOT NULL,
  `role_id` int(11) NOT NULL,
  `selected_avatar_id` int(11) NOT NULL,
  `wallet` int(11) NOT NULL,
  PRIMARY KEY (`user_id`),
  UNIQUE KEY `user_nickname` (`user_nickname`),
  KEY `role_id` (`role_id`),
  KEY `user_ibfk_2_idx` (`selected_avatar_id`),
  CONSTRAINT `user_ibfk_1` FOREIGN KEY (`role_id`) REFERENCES `role` (`role_id`) ON DELETE CASCADE ON UPDATE RESTRICT,
  CONSTRAINT `user_ibfk_2` FOREIGN KEY (`selected_avatar_id`) REFERENCES `avatar` (`avatar_id`) ON DELETE CASCADE ON UPDATE RESTRICT
) ENGINE=InnoDB AUTO_INCREMENT=26 DEFAULT CHARSET=utf8;
/*!40101 SET character_set_client = @saved_cs_client */;

--
-- Dumping data for table `user`
--

LOCK TABLES `user` WRITE;
/*!40000 ALTER TABLE `user` DISABLE KEYS */;
INSERT INTO `user` VALUES (1,'admin1','admin1pass','admin1@h.com',1,1,0),(2,'admin2','admin2pass','admin2@h.com',1,1,0),(3,'user3','user3pass','user3@h.com',2,1,0),(4,'user4','user4pass','user4@h.com',2,1,0),(5,'user5','user5pass','user5@h.com',2,1,0),(6,'user6','user6pass','usr6@h.com',2,1,0),(7,'user7','$2a$10$TaH3a0Y9PcnvCbgtL4jynOf.MJxSEQzEMPmO1bwlldTCXn1BUwWFm','usr7@h.com',2,1,0),(8,'user8','user8pass','usr8@h.com',2,1,0),(9,'user9','user9pass','usr9@h.com',2,1,0),(10,'user10','user10pass','usr10@h.com',2,1,0),(11,'user11','user11pass','usr11@h.com',2,1,0),(12,'user12','user12pass','usr12@h.com',2,1,0),(13,'user13','user13pass','usr13@h.com',2,1,0),(14,'user14','$2a$10$bfQ18BUTLCMAyghvjceYu.h5Iw1XGyniTiwq3u/6XiugEIGDB3bW2','user14@h.com',2,23,9970),(15,'user15','$2a$10$jESels6JUXg/tKfERlAeu.FZa8yF6LZ0B8uhkbJ9xXv4fIQFtHBxm','user15@h.com',2,22,1730),(16,'user16','$2a$10$pS1HTxHXE0oDy0X0jDwzF.Vz7wZue2H0keIMA58KhdFrsJwC/lOsu','user16@h.com',2,1,0),(17,'user17','$2a$10$ODHnwuRr7HUrG8v/jc0kFeRq7Er.BSV25TsaYp52daqKRDLkSIEMu','user17@h.com',2,1,0),(18,'admin3','$2a$10$DPaGis2PBnjOwK8MCo2OHeftQmYqg6ogEFWoMIY6NOWw00wgmw9i2','admin3@h.com',1,2,0),(19,'Akuma1','$2a$10$k2uFwk.1FV4npBAXwlyGV.VnkY0WreK5LdEU.p4ueCko9z0.D5VAm','akuma1@sf.com',2,4,17950),(20,'Scorpion1','$2a$10$gWX6kAPw4V.Lt0RSX81FC.3HUmnUqOscNaM/IfOsMJPcwGuMQtFCK','scorpion1@mk.com',2,1,0),(21,'termi21','$2a$10$7Zfg/F06zQF/v1aATUUExe6UPzDu8YnINyCtZgj5Ajjf3NoysFxFm','termin@hotmail.com',2,1,28890),(22,'doctor44','$2a$10$0l0dqdEAXFI3ZN6GCfLZ9OpXMmLRbE6greBdHULFYVXq7xrAobp3q','andreas.tzeva@gmail.com',2,25,12840),(23,'georgia1!','$2a$10$vVCNtuelF0TMYu3gOyUe5eKlyNTzITOny7HChHHhLkRXgjPsqRBLK','geo@gmail.com',2,17,7530),(24,'georgio1!','$2a$10$.X5Tn6sk8pjdpGDWmn/CseeQ/fOxAAHc3BEgwqPSam44t9YsgTQYm','georgio@gmail.com',2,1,3860),(25,'newadmin1','$2a$10$8IxoNSPRCuuMEbYiexjm2ulxbFyQ6DE/h1kzVU39iSlq4t.2CENpy','newadmin1@gmail.com',2,1,0);
/*!40000 ALTER TABLE `user` ENABLE KEYS */;
UNLOCK TABLES;

--
-- Table structure for table `user_avatar`
--

DROP TABLE IF EXISTS `user_avatar`;
/*!40101 SET @saved_cs_client     = @@character_set_client */;
/*!40101 SET character_set_client = utf8 */;
CREATE TABLE `user_avatar` (
  `user_avatar_id` int(11) NOT NULL AUTO_INCREMENT,
  `user_id` int(11) NOT NULL,
  `avatar_id` int(11) NOT NULL,
  PRIMARY KEY (`user_avatar_id`),
  KEY `user_id` (`user_id`),
  KEY `avatar_id` (`avatar_id`),
  CONSTRAINT `user_avatar_ibfk_1` FOREIGN KEY (`user_id`) REFERENCES `user` (`user_id`) ON DELETE CASCADE ON UPDATE RESTRICT,
  CONSTRAINT `user_avatar_ibfk_2` FOREIGN KEY (`avatar_id`) REFERENCES `avatar` (`avatar_id`) ON DELETE CASCADE ON UPDATE RESTRICT
) ENGINE=InnoDB AUTO_INCREMENT=235 DEFAULT CHARSET=utf8;
/*!40101 SET character_set_client = @saved_cs_client */;

--
-- Dumping data for table `user_avatar`
--

LOCK TABLES `user_avatar` WRITE;
/*!40000 ALTER TABLE `user_avatar` DISABLE KEYS */;
INSERT INTO `user_avatar` VALUES (1,3,1),(2,3,2),(3,4,1),(28,19,8),(29,19,16),(30,19,4),(31,19,3),(32,19,3),(33,19,2),(34,19,2),(35,19,2),(36,19,1),(37,19,1),(38,19,1),(39,19,1),(40,15,1),(41,15,4),(42,15,4),(43,15,15),(44,15,3),(45,15,6),(46,15,2),(215,21,22),(216,21,23),(217,21,24),(218,21,25),(219,21,14),(220,21,18),(221,21,19),(222,21,20),(223,21,17),(224,21,2),(225,14,24),(226,14,25),(227,14,23),(228,14,22),(229,14,21),(230,19,9),(231,15,22),(232,22,25),(233,23,17),(234,21,4);
/*!40000 ALTER TABLE `user_avatar` ENABLE KEYS */;
UNLOCK TABLES;

--
-- Table structure for table `user_highscore`
--

DROP TABLE IF EXISTS `user_highscore`;
/*!40101 SET @saved_cs_client     = @@character_set_client */;
/*!40101 SET character_set_client = utf8 */;
CREATE TABLE `user_highscore` (
  `user_id` int(11) NOT NULL,
  `category_id` int(11) NOT NULL,
  `highscore` int(11) DEFAULT NULL,
  PRIMARY KEY (`user_id`,`category_id`),
  KEY `category_id` (`category_id`),
  CONSTRAINT `user_highscore_ibfk_1` FOREIGN KEY (`user_id`) REFERENCES `user` (`user_id`),
  CONSTRAINT `user_highscore_ibfk_2` FOREIGN KEY (`category_id`) REFERENCES `category` (`category_id`)
) ENGINE=InnoDB DEFAULT CHARSET=utf8;
/*!40101 SET character_set_client = @saved_cs_client */;

--
-- Dumping data for table `user_highscore`
--

LOCK TABLES `user_highscore` WRITE;
/*!40000 ALTER TABLE `user_highscore` DISABLE KEYS */;
INSERT INTO `user_highscore` VALUES (1,1,3240),(3,1,500),(4,1,600),(5,1,200),(6,1,400),(7,1,200),(8,1,10),(9,1,1000),(10,1,2000),(11,1,3000),(12,1,4000),(12,2,400),(13,1,5000),(14,1,3680),(14,26,3280),(14,27,2290),(14,28,2100),(15,1,3830),(15,26,0),(15,27,1540),(15,28,900),(16,28,0),(19,1,4550),(19,2,820),(19,26,200),(19,27,3190),(19,28,1920),(20,1,1520),(21,1,3400),(21,26,1440),(22,26,4370),(22,27,2970),(22,28,2250),(23,28,9230),(24,27,3860),(24,28,1360);
/*!40000 ALTER TABLE `user_highscore` ENABLE KEYS */;
UNLOCK TABLES;

--
-- Table structure for table `user_question`
--

DROP TABLE IF EXISTS `user_question`;
/*!40101 SET @saved_cs_client     = @@character_set_client */;
/*!40101 SET character_set_client = utf8 */;
CREATE TABLE `user_question` (
  `user_question_id` int(11) NOT NULL AUTO_INCREMENT,
  `user_id` int(11) NOT NULL,
  `question_id` int(11) NOT NULL,
  `user_question_success` bit(1) NOT NULL,
  `user_question_timespamp` timestamp NOT NULL,
  PRIMARY KEY (`user_question_id`),
  KEY `user_id` (`user_id`),
  KEY `question_id` (`question_id`),
  CONSTRAINT `user_question_ibfk_1` FOREIGN KEY (`user_id`) REFERENCES `user` (`user_id`) ON DELETE CASCADE ON UPDATE RESTRICT,
  CONSTRAINT `user_question_ibfk_2` FOREIGN KEY (`question_id`) REFERENCES `question` (`question_id`) ON DELETE CASCADE ON UPDATE RESTRICT
) ENGINE=InnoDB AUTO_INCREMENT=1141 DEFAULT CHARSET=utf8;
/*!40101 SET character_set_client = @saved_cs_client */;

--
-- Dumping data for table `user_question`
--

LOCK TABLES `user_question` WRITE;
/*!40000 ALTER TABLE `user_question` DISABLE KEYS */;
INSERT INTO `user_question` VALUES (1,1,1,'\0','2019-10-22 08:11:42'),(2,1,2,'','2019-10-22 08:11:47'),(3,1,3,'','2019-10-22 08:12:03'),(4,1,4,'','2019-10-22 08:12:07'),(5,1,5,'','2019-10-22 08:12:10'),(6,1,6,'\0','2019-10-22 08:12:14'),(7,1,7,'\0','2019-10-22 08:12:18'),(9,1,9,'\0','2019-10-22 08:12:27'),(10,1,10,'\0','2019-10-22 08:12:31'),(11,1,1,'','2019-10-22 08:13:04'),(12,1,2,'\0','2019-10-22 08:13:22'),(13,1,1,'\0','2019-10-22 08:32:13'),(14,1,2,'','2019-10-22 08:32:30'),(15,1,1,'\0','2019-10-22 09:13:46'),(16,1,1,'\0','2019-10-22 09:41:23'),(17,1,2,'\0','2019-10-22 09:41:30'),(18,1,1,'\0','2019-10-22 09:44:36'),(19,1,1,'\0','2019-10-22 10:02:34'),(20,1,2,'\0','2019-10-22 10:02:45'),(21,1,3,'\0','2019-10-22 10:02:56'),(22,1,1,'\0','2019-10-22 10:03:19'),(23,1,1,'\0','2019-10-22 10:12:43'),(24,1,1,'\0','2019-10-22 10:21:03'),(25,1,1,'\0','2019-10-22 10:21:54'),(26,1,1,'\0','2019-10-22 10:26:28'),(27,1,2,'','2019-10-22 10:26:37'),(28,1,3,'\0','2019-10-22 10:26:46'),(29,1,4,'\0','2019-10-22 10:26:56'),(30,1,1,'\0','2019-10-22 10:41:19'),(31,1,1,'\0','2019-10-22 10:42:26'),(32,1,1,'\0','2019-10-22 10:43:22'),(33,1,2,'\0','2019-10-22 10:43:31'),(34,1,3,'\0','2019-10-22 10:43:39'),(35,1,1,'\0','2019-10-22 10:52:56'),(36,1,1,'\0','2019-10-22 10:53:44'),(37,1,1,'\0','2019-10-22 10:55:53'),(38,1,1,'\0','2019-10-22 10:59:53'),(39,1,2,'\0','2019-10-22 11:00:04'),(40,1,1,'\0','2019-10-22 11:23:25'),(41,1,2,'\0','2019-10-22 11:23:32'),(42,1,1,'\0','2019-10-22 11:26:30'),(43,1,2,'\0','2019-10-22 11:26:39'),(44,1,3,'\0','2019-10-22 11:26:49'),(45,1,4,'\0','2019-10-22 11:27:21'),(46,1,1,'\0','2019-10-22 11:27:51'),(47,1,1,'\0','2019-10-22 12:39:15'),(48,1,1,'\0','2019-10-22 15:00:49'),(49,1,1,'\0','2019-10-22 15:11:24'),(50,1,1,'\0','2019-10-22 16:31:41'),(51,1,2,'','2019-10-22 16:31:54'),(52,1,1,'\0','2019-10-23 09:54:03'),(53,1,2,'\0','2019-10-23 09:54:25'),(54,1,3,'\0','2019-10-23 09:54:36'),(55,1,4,'','2019-10-23 09:54:47'),(56,1,5,'\0','2019-10-23 09:54:57'),(57,1,1,'\0','2019-10-23 09:57:51'),(58,1,2,'\0','2019-10-23 09:58:04'),(59,1,3,'\0','2019-10-23 09:58:14'),(60,1,4,'\0','2019-10-23 09:58:30'),(61,1,5,'\0','2019-10-23 09:58:38'),(62,1,6,'\0','2019-10-23 09:58:48'),(63,1,1,'\0','2019-10-23 09:59:35'),(64,1,1,'\0','2019-10-23 10:07:00'),(65,1,2,'\0','2019-10-23 10:07:09'),(66,1,3,'\0','2019-10-23 10:07:15'),(67,1,4,'\0','2019-10-23 10:07:22'),(68,1,5,'\0','2019-10-23 10:07:27'),(69,1,6,'\0','2019-10-23 10:07:34'),(70,1,7,'\0','2019-10-23 10:07:40'),(72,1,1,'','2019-10-23 10:08:12'),(73,1,2,'','2019-10-23 10:08:17'),(74,1,3,'','2019-10-23 10:08:24'),(75,1,4,'','2019-10-23 10:08:35'),(76,1,1,'','2019-10-23 10:10:31'),(77,1,2,'','2019-10-23 10:10:38'),(78,1,3,'','2019-10-23 10:10:48'),(79,1,1,'','2019-10-23 10:11:34'),(80,1,2,'','2019-10-23 10:11:41'),(81,1,3,'\0','2019-10-23 10:11:53'),(82,1,4,'\0','2019-10-23 10:12:00'),(83,1,5,'\0','2019-10-23 10:12:05'),(84,1,6,'\0','2019-10-23 10:12:09'),(85,1,1,'\0','2019-10-23 10:41:02'),(86,1,2,'','2019-10-23 10:41:09'),(87,1,3,'\0','2019-10-23 10:41:16'),(88,1,4,'\0','2019-10-23 10:41:26'),(89,1,5,'','2019-10-23 10:41:33'),(90,1,1,'','2019-10-23 13:27:04'),(91,1,2,'\0','2019-10-23 13:27:10'),(92,1,3,'','2019-10-23 13:27:19'),(93,1,4,'\0','2019-10-23 13:27:29'),(94,1,1,'','2019-10-24 10:06:48'),(95,1,2,'\0','2019-10-24 10:06:58'),(96,1,3,'','2019-10-24 10:07:12'),(97,1,1,'','2019-10-24 10:11:10'),(98,1,2,'','2019-10-24 10:11:16'),(99,1,3,'','2019-10-24 10:11:21'),(100,1,3,'','2019-10-24 10:11:23'),(101,1,5,'','2019-10-24 10:11:28'),(102,1,6,'','2019-10-24 10:11:36'),(103,1,1,'','2019-10-24 13:51:08'),(104,1,1,'','2019-10-24 13:52:51'),(105,1,1,'','2019-10-24 13:52:52'),(106,1,1,'','2019-10-24 13:52:58'),(107,1,1,'','2019-10-24 13:52:59'),(108,1,1,'','2019-10-24 13:53:00'),(109,1,1,'','2019-10-24 13:57:30'),(110,1,2,'\0','2019-10-24 13:57:44'),(111,1,3,'\0','2019-10-24 13:58:04'),(112,1,4,'\0','2019-10-24 14:01:11'),(113,1,5,'\0','2019-10-24 14:01:38'),(114,1,1,'','2019-10-24 14:20:30'),(115,1,2,'\0','2019-10-24 14:22:28'),(116,1,3,'\0','2019-10-24 14:25:07'),(117,1,1,'','2019-10-24 15:36:50'),(118,1,2,'\0','2019-10-24 15:37:05'),(119,1,3,'\0','2019-10-24 15:37:30'),(120,1,1,'','2019-10-24 16:36:54'),(121,1,1,'','2019-10-24 21:16:17'),(122,1,1,'','2019-10-24 21:16:19'),(123,1,2,'\0','2019-10-24 21:16:56'),(124,1,2,'\0','2019-10-24 21:16:57'),(125,1,3,'\0','2019-10-24 21:19:33'),(126,1,3,'\0','2019-10-24 21:19:34'),(127,1,1,'','2019-10-24 21:27:52'),(128,1,1,'','2019-10-24 21:27:54'),(129,1,2,'\0','2019-10-24 21:28:52'),(130,1,2,'\0','2019-10-24 21:28:53'),(131,1,1,'','2019-10-24 21:38:15'),(132,1,2,'\0','2019-10-24 21:38:35'),(133,1,3,'\0','2019-10-24 21:41:18'),(134,1,4,'\0','2019-10-24 21:41:38'),(135,1,1,'','2019-10-25 09:08:37'),(136,1,1,'','2019-10-25 09:08:39'),(137,1,1,'','2019-10-25 09:08:43'),(138,1,2,'\0','2019-10-25 09:08:46'),(139,1,1,'','2019-10-25 09:09:14'),(140,1,1,'','2019-10-25 09:09:16'),(141,1,1,'','2019-10-25 09:09:18'),(142,1,2,'\0','2019-10-25 09:09:20'),(143,1,2,'\0','2019-10-25 09:09:22'),(144,1,2,'\0','2019-10-25 09:09:23'),(145,1,1,'','2019-10-25 09:13:14'),(146,1,2,'\0','2019-10-25 09:13:34'),(147,1,1,'\0','2019-10-25 09:40:33'),(148,1,2,'','2019-10-25 09:40:42'),(149,1,3,'\0','2019-10-25 09:40:51'),(150,1,4,'\0','2019-10-25 09:41:02'),(151,1,5,'','2019-10-25 09:41:11'),(152,1,6,'\0','2019-10-25 09:41:23'),(153,1,1,'\0','2019-10-25 10:11:01'),(154,1,2,'\0','2019-10-25 10:11:11'),(155,1,3,'\0','2019-10-25 10:11:26'),(156,1,4,'','2019-10-25 10:11:34'),(157,1,5,'','2019-10-25 10:11:43'),(158,1,6,'','2019-10-25 10:11:58'),(159,1,7,'','2019-10-25 10:12:11'),(161,1,1,'','2019-10-25 10:16:39'),(162,1,2,'\0','2019-10-25 10:16:47'),(163,1,3,'\0','2019-10-25 10:16:55'),(164,1,4,'\0','2019-10-25 10:17:07'),(165,1,5,'','2019-10-25 10:17:20'),(166,1,6,'','2019-10-25 10:17:27'),(167,1,1,'\0','2019-10-25 10:18:04'),(168,1,1,'\0','2019-10-25 10:18:06'),(169,1,2,'','2019-10-25 10:18:14'),(170,1,2,'','2019-10-25 10:18:16'),(171,1,1,'\0','2019-10-25 10:18:37'),(172,1,1,'\0','2019-10-25 10:18:39'),(173,1,1,'\0','2019-10-25 10:18:41'),(174,1,1,'\0','2019-10-25 11:24:52'),(175,1,2,'\0','2019-10-25 11:24:58'),(176,1,3,'','2019-10-25 11:25:05'),(177,1,4,'\0','2019-10-25 11:25:30'),(178,1,5,'\0','2019-10-25 11:25:56'),(179,1,1,'\0','2019-10-25 11:33:36'),(180,1,2,'\0','2019-10-25 11:34:03'),(181,1,3,'\0','2019-10-25 11:34:23'),(182,1,4,'\0','2019-10-25 11:34:36'),(183,1,1,'\0','2019-10-25 11:36:00'),(184,1,1,'\0','2019-10-25 11:36:02'),(185,1,1,'\0','2019-10-25 11:36:49'),(186,1,1,'\0','2019-10-25 11:36:51'),(187,1,1,'\0','2019-10-25 11:36:53'),(188,1,2,'\0','2019-10-25 11:37:20'),(189,1,2,'\0','2019-10-25 11:37:22'),(190,1,2,'\0','2019-10-25 11:37:24'),(191,1,3,'\0','2019-10-25 11:37:41'),(192,1,3,'\0','2019-10-25 11:37:43'),(193,1,3,'\0','2019-10-25 11:37:45'),(194,1,4,'\0','2019-10-25 11:38:12'),(195,1,4,'\0','2019-10-25 11:38:14'),(196,1,4,'\0','2019-10-25 11:38:16'),(197,1,5,'\0','2019-10-25 11:38:44'),(198,1,5,'\0','2019-10-25 11:38:45'),(199,1,5,'\0','2019-10-25 11:38:47'),(200,1,1,'\0','2019-10-25 11:44:50'),(201,1,2,'\0','2019-10-25 11:45:16'),(202,1,3,'\0','2019-10-25 11:45:42'),(203,1,4,'','2019-10-25 11:45:50'),(204,1,5,'\0','2019-10-25 11:45:59'),(205,1,6,'\0','2019-10-25 11:46:25'),(206,1,7,'','2019-10-25 11:46:36'),(207,1,7,'\0','2019-10-25 11:46:37'),(208,1,1,'\0','2019-10-25 11:52:44'),(209,1,1,'\0','2019-10-25 11:52:45'),(210,1,1,'\0','2019-10-25 11:52:45'),(211,1,1,'\0','2019-10-25 11:52:47'),(212,1,3,'\0','2019-10-25 11:52:59'),(213,1,3,'\0','2019-10-25 11:53:01'),(214,1,4,'','2019-10-25 11:53:14'),(215,1,4,'\0','2019-10-25 11:53:16'),(216,1,4,'\0','2019-10-25 11:53:16'),(217,1,4,'\0','2019-10-25 11:53:18'),(218,1,1,'\0','2019-10-25 11:56:09'),(219,1,2,'\0','2019-10-25 11:56:19'),(220,1,3,'\0','2019-10-25 11:56:44'),(221,1,4,'\0','2019-10-25 11:57:10'),(222,1,5,'\0','2019-10-25 11:57:37'),(223,1,1,'\0','2019-10-25 12:00:29'),(224,1,2,'','2019-10-25 12:00:38'),(225,1,3,'\0','2019-10-25 12:00:47'),(226,1,1,'\0','2019-10-25 12:01:30'),(227,1,1,'\0','2019-10-25 12:01:31'),(228,1,2,'\0','2019-10-25 12:01:46'),(229,1,2,'\0','2019-10-25 12:01:48'),(230,1,1,'\0','2019-10-25 12:09:31'),(231,1,1,'\0','2019-10-25 12:10:00'),(232,1,1,'\0','2019-10-25 12:10:02'),(233,1,1,'\0','2019-10-25 12:10:35'),(234,1,1,'\0','2019-10-25 12:10:37'),(235,1,1,'\0','2019-10-25 12:10:39'),(236,1,1,'\0','2019-10-25 12:11:08'),(237,1,1,'\0','2019-10-25 12:11:10'),(238,1,1,'\0','2019-10-25 12:11:12'),(239,1,1,'\0','2019-10-25 12:11:14'),(240,1,1,'\0','2019-10-25 12:15:47'),(241,1,2,'','2019-10-25 12:15:54'),(242,1,3,'','2019-10-25 12:16:09'),(243,1,1,'\0','2019-10-25 12:16:39'),(244,1,1,'\0','2019-10-25 12:16:41'),(245,1,1,'\0','2019-10-25 12:28:04'),(246,1,1,'\0','2019-10-25 12:28:32'),(247,1,1,'\0','2019-10-25 12:28:34'),(248,1,1,'\0','2019-10-25 12:43:04'),(249,1,1,'\0','2019-10-25 12:43:34'),(250,1,1,'\0','2019-10-25 12:43:36'),(251,1,1,'\0','2019-10-25 13:31:01'),(252,1,1,'\0','2019-10-25 13:31:29'),(253,1,1,'\0','2019-10-25 13:31:31'),(254,1,1,'\0','2019-10-25 18:10:18'),(255,1,1,'\0','2019-10-25 18:10:53'),(256,1,2,'\0','2019-10-25 18:11:18'),(257,1,1,'','2019-10-25 18:22:11'),(258,1,2,'\0','2019-10-25 18:22:24'),(259,1,3,'\0','2019-10-25 18:22:49'),(260,1,1,'\0','2019-10-27 08:17:52'),(261,1,2,'','2019-10-27 08:18:16'),(262,1,3,'\0','2019-10-27 08:18:29'),(263,1,4,'','2019-10-27 08:18:45'),(264,1,5,'\0','2019-10-27 08:19:01'),(265,1,6,'','2019-10-27 08:19:18'),(266,1,7,'','2019-10-27 08:19:30'),(268,1,9,'','2019-10-27 08:19:50'),(269,1,10,'','2019-10-27 08:20:03'),(270,1,1,'\0','2019-10-27 08:26:12'),(271,1,2,'','2019-10-27 08:26:22'),(272,1,3,'','2019-10-27 08:26:31'),(273,1,4,'','2019-10-27 08:26:40'),(274,1,5,'','2019-10-27 08:26:49'),(275,1,6,'\0','2019-10-27 08:27:02'),(276,1,7,'\0','2019-10-27 08:27:09'),(278,1,9,'\0','2019-10-27 08:27:25'),(279,1,10,'\0','2019-10-27 08:27:33'),(280,1,1,'\0','2019-10-27 08:32:12'),(281,1,2,'\0','2019-10-27 08:32:20'),(282,1,3,'\0','2019-10-27 08:32:29'),(283,1,4,'','2019-10-27 08:32:38'),(284,1,5,'\0','2019-10-27 08:32:45'),(285,1,6,'\0','2019-10-27 08:32:54'),(286,1,7,'\0','2019-10-27 08:33:01'),(288,1,9,'\0','2019-10-27 08:33:19'),(289,1,10,'\0','2019-10-27 08:33:27'),(290,1,1,'\0','2019-10-27 08:57:41'),(291,1,2,'\0','2019-10-27 08:57:48'),(292,1,3,'','2019-10-27 08:58:00'),(293,1,4,'\0','2019-10-27 08:58:25'),(294,1,5,'\0','2019-10-27 08:58:41'),(295,1,6,'\0','2019-10-27 08:58:49'),(296,1,7,'\0','2019-10-27 08:58:59'),(298,1,9,'\0','2019-10-27 08:59:17'),(299,1,10,'\0','2019-10-27 08:59:26'),(300,1,1,'','2019-10-27 14:15:21'),(301,1,3,'','2019-10-27 14:15:33'),(303,1,11,'','2019-10-27 14:16:48'),(304,1,20,'','2019-10-27 14:19:42'),(305,1,7,'\0','2019-10-27 14:19:51'),(306,1,19,'','2019-10-27 14:20:02'),(307,1,18,'','2019-10-27 14:20:11'),(308,1,1,'','2019-10-27 14:20:20'),(309,1,9,'\0','2019-10-27 14:20:29'),(310,1,4,'','2019-10-27 14:20:38'),(311,1,17,'','2019-10-27 14:20:49'),(313,1,11,'','2019-10-27 14:21:10'),(314,1,55,'\0','2019-10-27 15:21:49'),(315,1,17,'\0','2019-10-27 15:22:06'),(316,1,18,'\0','2019-10-27 15:27:43'),(317,1,4,'','2019-10-27 15:27:57'),(318,1,15,'\0','2019-10-27 15:28:06'),(319,1,5,'\0','2019-10-27 15:28:15'),(320,1,55,'','2019-10-27 15:28:26'),(321,1,2,'','2019-10-27 15:28:37'),(322,1,3,'\0','2019-10-27 15:28:48'),(323,1,6,'\0','2019-10-27 15:28:57'),(324,1,7,'','2019-10-27 15:29:05'),(325,1,20,'\0','2019-10-27 15:29:14'),(326,1,57,'','2019-10-27 15:36:25'),(327,1,3,'\0','2019-10-27 17:11:21'),(328,1,14,'\0','2019-10-27 17:18:19'),(329,1,2,'\0','2019-10-27 17:19:58'),(330,1,16,'\0','2019-10-27 17:21:58'),(331,1,17,'\0','2019-10-27 17:22:58'),(332,1,19,'','2019-10-27 17:28:39'),(333,1,19,'\0','2019-10-27 17:36:57'),(334,1,18,'\0','2019-10-27 17:50:54'),(335,1,12,'\0','2019-10-27 17:54:44'),(336,1,13,'\0','2019-10-27 17:55:13'),(337,1,19,'\0','2019-10-27 17:55:43'),(338,1,12,'','2019-10-27 17:58:35'),(339,1,9,'\0','2019-10-27 17:58:55'),(340,1,55,'\0','2019-10-27 17:59:15'),(342,1,4,'\0','2019-10-27 18:02:53'),(343,1,17,'','2019-10-27 18:03:13'),(344,1,16,'','2019-10-27 18:11:36'),(345,1,7,'','2019-10-27 18:11:51'),(346,1,4,'','2019-10-27 18:13:49'),(347,1,19,'','2019-10-27 18:13:59'),(348,1,12,'\0','2019-10-27 18:22:00'),(349,1,2,'\0','2019-10-27 18:22:12'),(350,1,16,'\0','2019-10-27 18:23:46'),(351,1,5,'','2019-10-27 18:24:00'),(352,1,1,'\0','2019-10-27 18:24:15'),(353,1,55,'\0','2019-10-27 18:45:24'),(354,1,17,'','2019-10-27 18:45:37'),(355,1,15,'\0','2019-10-27 18:48:22'),(356,1,55,'\0','2019-10-27 18:50:47'),(357,1,1,'','2019-10-27 18:51:01'),(358,1,3,'\0','2019-10-27 18:51:16'),(359,1,7,'\0','2019-10-27 18:51:30'),(360,1,9,'\0','2019-10-27 18:51:42'),(361,1,16,'\0','2019-10-27 18:52:12'),(362,1,20,'\0','2019-10-27 18:52:27'),(363,1,13,'\0','2019-10-27 18:52:44'),(364,1,18,'\0','2019-10-27 18:52:56'),(366,1,19,'\0','2019-10-28 09:10:04'),(368,1,10,'','2019-10-28 09:22:46'),(369,1,4,'\0','2019-10-28 09:23:00'),(370,1,14,'','2019-10-28 09:23:14'),(371,1,15,'\0','2019-10-28 09:23:28'),(372,1,1,'','2019-10-28 09:23:52'),(373,1,55,'\0','2019-10-28 09:24:06'),(374,1,3,'','2019-10-28 09:24:22'),(375,1,6,'\0','2019-10-28 09:24:40'),(377,1,11,'\0','2019-10-28 09:25:53'),(378,1,15,'\0','2019-10-28 09:27:24'),(379,1,15,'\0','2019-10-28 09:27:48'),(380,1,9,'\0','2019-10-28 09:28:03'),(381,1,55,'\0','2019-10-28 09:28:03'),(382,1,5,'\0','2019-10-28 09:28:15'),(383,1,12,'\0','2019-10-28 09:43:25'),(384,1,7,'','2019-10-28 09:43:42'),(385,1,3,'\0','2019-10-28 09:43:55'),(386,1,11,'','2019-10-28 09:44:07'),(387,1,18,'\0','2019-10-28 09:44:19'),(389,1,1,'\0','2019-10-28 09:44:44'),(390,1,2,'\0','2019-10-28 09:45:14'),(391,1,16,'','2019-10-28 09:45:26'),(393,1,7,'\0','2019-10-28 10:17:18'),(394,1,11,'\0','2019-10-28 10:22:02'),(395,1,14,'','2019-10-28 10:22:17'),(396,1,7,'\0','2019-10-28 10:22:30'),(397,1,19,'\0','2019-10-28 10:23:00'),(398,1,1,'\0','2019-10-28 10:23:22'),(399,1,20,'\0','2019-10-28 10:23:52'),(401,1,5,'\0','2019-10-28 10:24:49'),(402,1,4,'\0','2019-10-28 10:25:20'),(403,1,15,'','2019-10-28 10:30:36'),(406,1,19,'\0','2019-10-28 10:34:34'),(407,1,17,'','2019-10-28 10:34:47'),(408,1,55,'\0','2019-10-28 10:34:59'),(409,1,9,'\0','2019-10-28 10:46:33'),(410,1,57,'','2019-10-28 10:46:47'),(411,1,6,'\0','2019-10-28 10:47:16'),(412,1,18,'','2019-10-28 10:47:33'),(413,1,5,'','2019-10-28 10:47:46'),(414,1,3,'','2019-10-28 10:59:43'),(415,1,12,'\0','2019-10-28 10:59:56'),(416,1,6,'','2019-10-28 11:00:09'),(417,1,10,'\0','2019-10-28 11:00:24'),(418,1,15,'','2019-10-28 11:00:43'),(419,1,19,'\0','2019-10-28 11:00:57'),(420,1,9,'','2019-10-28 11:01:11'),(421,1,13,'\0','2019-10-28 11:01:25'),(422,1,57,'','2019-10-28 11:02:18'),(423,1,1,'','2019-10-28 11:02:33'),(424,1,12,'','2019-10-28 11:02:46'),(425,1,20,'\0','2019-10-28 11:03:00'),(426,1,7,'','2019-10-28 11:03:14'),(427,1,14,'','2019-10-28 11:03:30'),(428,1,12,'','2019-10-28 12:14:05'),(430,1,9,'','2019-10-28 12:14:47'),(431,1,4,'','2019-10-28 13:22:37'),(433,1,7,'\0','2019-10-28 13:23:43'),(434,1,18,'\0','2019-10-28 13:24:15'),(435,1,10,'\0','2019-10-28 13:24:47'),(436,1,15,'\0','2019-10-28 13:25:20'),(437,1,20,'\0','2019-10-28 13:25:52'),(438,1,13,'\0','2019-10-28 13:26:23'),(439,1,55,'\0','2019-10-28 13:26:55'),(440,1,1,'','2019-10-28 13:35:51'),(441,1,16,'','2019-10-28 13:36:07'),(443,1,12,'\0','2019-10-28 13:36:56'),(444,1,13,'\0','2019-10-28 13:37:28'),(445,1,18,'\0','2019-10-28 13:38:03'),(446,1,15,'','2019-10-28 14:00:12'),(447,1,16,'','2019-10-28 14:00:31'),(448,1,5,'\0','2019-10-28 14:01:02'),(449,1,16,'\0','2019-10-28 14:42:55'),(450,1,10,'\0','2019-10-28 14:43:10'),(451,1,17,'\0','2019-10-28 14:43:41'),(453,1,11,'\0','2019-10-28 14:44:19'),(454,1,15,'\0','2019-10-28 14:44:50'),(455,1,7,'\0','2019-10-28 14:45:21'),(456,1,9,'','2019-10-28 14:45:35'),(457,1,3,'\0','2019-10-28 14:45:53'),(458,1,10,'','2019-10-28 14:47:15'),(459,1,20,'','2019-10-28 14:47:31'),(460,1,19,'','2019-10-28 14:47:30'),(461,1,16,'','2019-10-28 14:47:46'),(462,1,12,'\0','2019-10-28 14:48:02'),(463,1,19,'\0','2019-10-28 14:48:16'),(464,1,10,'\0','2019-10-28 14:48:18'),(465,1,12,'','2019-10-28 15:08:46'),(467,1,19,'','2019-10-28 15:09:12'),(468,1,3,'','2019-10-28 15:09:26'),(469,1,6,'\0','2019-10-28 15:09:56'),(470,1,20,'','2019-10-28 15:50:16'),(471,1,19,'','2019-10-28 15:50:40'),(472,1,10,'','2019-10-28 16:37:13'),(473,1,19,'\0','2019-10-29 12:24:09'),(474,1,6,'\0','2019-10-29 13:48:37'),(475,1,3,'','2019-10-29 13:48:49'),(476,1,12,'\0','2019-10-29 13:54:03'),(477,1,15,'','2019-10-29 13:54:15'),(478,1,14,'','2019-10-29 14:44:01'),(479,1,55,'\0','2019-10-29 14:44:14'),(480,1,18,'','2019-10-29 14:44:27'),(481,19,13,'\0','2019-10-30 10:30:33'),(482,19,12,'','2019-10-30 10:30:44'),(483,19,2,'','2019-10-30 10:30:57'),(484,19,1,'\0','2019-10-30 10:31:08'),(485,19,4,'\0','2019-10-30 10:31:21'),(486,19,64,'','2019-10-30 10:31:48'),(487,19,16,'\0','2019-10-30 10:32:00'),(488,19,9,'\0','2019-10-30 10:32:22'),(490,19,3,'','2019-10-30 10:44:41'),(491,19,7,'\0','2019-10-30 10:44:55'),(492,19,12,'','2019-10-30 11:05:07'),(493,19,11,'\0','2019-10-30 11:05:23'),(494,19,55,'\0','2019-10-30 11:05:49'),(495,19,7,'\0','2019-10-30 11:05:55'),(496,19,19,'','2019-10-30 11:06:08'),(497,19,13,'\0','2019-10-30 11:06:20'),(499,20,18,'\0','2019-10-30 11:11:16'),(500,1,24,'','2019-10-30 11:36:03'),(501,1,23,'','2019-10-30 11:36:17'),(502,1,33,'\0','2019-10-30 11:36:35'),(503,1,31,'\0','2019-10-30 11:36:47'),(504,1,38,'','2019-10-30 11:36:58'),(505,1,39,'\0','2019-10-30 11:37:04'),(506,1,56,'\0','2019-10-30 11:37:13'),(507,1,26,'\0','2019-10-30 11:37:20'),(508,19,12,'','2019-10-30 11:47:19'),(509,19,11,'\0','2019-10-30 11:47:33'),(510,19,64,'\0','2019-10-30 11:47:40'),(511,19,1,'\0','2019-10-30 11:48:00'),(512,19,16,'\0','2019-10-30 11:48:16'),(513,19,64,'','2019-10-30 11:49:36'),(515,19,12,'\0','2019-10-30 16:05:42'),(516,20,6,'\0','2019-10-30 16:05:47'),(517,19,3,'\0','2019-10-30 16:06:09'),(518,20,3,'\0','2019-10-30 16:06:19'),(519,20,7,'','2019-10-30 16:06:32'),(520,19,9,'\0','2019-10-30 16:06:41'),(521,20,5,'\0','2019-10-30 16:07:05'),(523,20,13,'\0','2019-10-30 16:08:09'),(524,19,16,'\0','2019-10-31 09:02:30'),(525,19,16,'','2019-10-31 12:38:51'),(526,19,3,'','2019-11-01 12:10:14'),(527,19,5,'\0','2019-11-01 12:10:30'),(528,1,11,'','2019-11-01 12:30:38'),(529,1,17,'\0','2019-11-01 12:30:51'),(530,19,15,'\0','2019-11-04 10:47:59'),(531,19,9,'','2019-11-04 10:48:39'),(532,19,16,'\0','2019-11-04 10:48:52'),(533,19,15,'\0','2019-11-04 10:49:23'),(534,19,11,'','2019-11-05 12:03:56'),(535,19,20,'','2019-11-05 12:04:15'),(536,19,17,'\0','2019-11-05 12:04:31'),(537,19,19,'','2019-11-05 12:04:46'),(538,19,9,'','2019-11-05 12:05:03'),(539,19,3,'','2019-11-05 12:05:25'),(541,19,2,'','2019-11-05 12:05:58'),(542,19,18,'','2019-11-09 10:18:06'),(543,19,1,'','2019-11-09 10:18:21'),(544,19,17,'','2019-11-09 10:18:35'),(545,19,15,'','2019-11-09 10:18:50'),(546,19,13,'\0','2019-11-09 13:54:56'),(547,19,16,'','2019-11-09 13:55:11'),(548,19,5,'\0','2019-11-09 13:55:29'),(549,19,64,'','2019-11-09 13:55:50'),(550,19,2,'\0','2019-11-09 13:56:06'),(551,19,14,'\0','2019-11-09 13:56:21'),(552,19,4,'','2019-11-09 13:56:37'),(554,19,1,'\0','2019-11-09 13:57:23'),(555,19,14,'','2019-11-10 09:25:51'),(556,19,5,'\0','2019-11-10 09:26:05'),(557,19,1,'\0','2019-11-10 09:26:29'),(558,19,13,'','2019-11-10 09:26:47'),(559,19,18,'\0','2019-11-10 09:27:17'),(560,19,6,'\0','2019-11-10 09:27:32'),(561,19,19,'\0','2019-11-10 09:27:45'),(562,19,10,'','2019-11-10 09:28:01'),(563,19,9,'\0','2019-11-10 09:28:21'),(564,19,1,'','2019-11-10 09:46:48'),(565,19,19,'\0','2019-11-10 09:47:01'),(566,19,13,'\0','2019-11-10 09:47:15'),(567,19,2,'','2019-11-10 09:47:28'),(568,19,11,'\0','2019-11-10 09:47:42'),(569,19,12,'\0','2019-11-10 09:47:55'),(571,19,4,'','2019-11-10 09:48:21'),(572,19,17,'\0','2019-11-10 09:48:34'),(574,19,64,'\0','2019-11-10 10:00:36'),(575,19,7,'\0','2019-11-10 10:00:50'),(576,19,17,'\0','2019-11-10 10:01:04'),(577,19,55,'\0','2019-11-10 10:01:18'),(578,19,11,'\0','2019-11-10 10:01:31'),(579,19,20,'\0','2019-11-10 10:01:44'),(580,19,4,'\0','2019-11-10 10:01:57'),(581,19,18,'','2019-11-10 10:02:10'),(582,19,12,'\0','2019-11-21 14:06:51'),(583,19,12,'\0','2019-11-22 13:23:47'),(584,19,7,'','2019-11-22 13:24:43'),(585,19,11,'','2019-11-22 13:34:40'),(586,19,10,'','2019-11-22 16:10:38'),(587,19,10,'','2019-11-22 16:10:41'),(588,19,14,'\0','2019-11-22 16:10:44'),(589,19,13,'\0','2019-11-22 16:11:27'),(590,19,13,'','2019-11-22 16:11:28'),(591,19,20,'\0','2019-11-22 16:11:31'),(592,19,17,'\0','2019-11-22 16:11:34'),(593,21,9,'\0','2019-11-22 18:19:21'),(594,21,9,'\0','2019-11-22 18:19:22'),(595,21,6,'','2019-11-22 18:27:48'),(596,21,5,'\0','2019-11-22 18:28:59'),(597,19,18,'','2019-11-23 07:48:17'),(598,19,20,'','2019-11-23 07:59:17'),(599,19,7,'','2019-11-23 08:04:19'),(600,19,12,'','2019-11-23 08:21:35'),(601,19,19,'','2019-11-23 08:29:52'),(602,19,15,'','2019-11-23 08:36:11'),(603,19,55,'\0','2019-11-23 08:40:09'),(604,19,18,'','2019-11-23 08:40:47'),(605,19,9,'\0','2019-11-23 08:52:06'),(606,19,15,'','2019-11-23 08:59:47'),(607,19,2,'\0','2019-11-23 09:00:35'),(608,19,55,'\0','2019-11-23 09:12:39'),(609,19,1,'','2019-11-23 09:12:57'),(610,19,20,'\0','2019-11-23 09:13:18'),(611,19,4,'\0','2019-11-23 09:13:36'),(612,19,64,'\0','2019-11-23 09:13:50'),(613,19,13,'\0','2019-11-23 09:14:09'),(614,19,11,'\0','2019-11-23 09:14:23'),(615,19,15,'\0','2019-11-23 09:14:36'),(616,19,12,'\0','2019-11-23 09:14:48'),(617,19,9,'','2019-11-23 09:24:41'),(618,19,19,'','2019-11-23 09:25:04'),(619,19,18,'\0','2019-11-23 09:25:24'),(620,19,5,'\0','2019-11-23 09:25:36'),(621,19,12,'\0','2019-11-23 09:25:48'),(622,19,55,'\0','2019-11-23 09:26:02'),(623,19,6,'','2019-11-23 09:26:17'),(624,19,1,'\0','2019-11-23 09:26:30'),(625,19,64,'','2019-11-23 09:26:51'),(626,19,11,'','2019-11-23 09:32:43'),(627,19,1,'\0','2019-11-23 09:33:12'),(628,19,18,'','2019-11-23 09:37:36'),(629,19,55,'\0','2019-11-23 09:37:48'),(630,19,7,'','2019-11-23 09:38:00'),(631,19,16,'','2019-11-23 09:40:15'),(632,19,55,'\0','2019-11-23 09:42:30'),(633,19,2,'','2019-11-23 09:42:42'),(634,19,1,'','2019-11-23 09:53:42'),(635,19,3,'\0','2019-11-23 09:54:01'),(636,19,20,'\0','2019-11-23 10:16:50'),(637,19,55,'\0','2019-11-23 10:17:12'),(638,19,1,'\0','2019-11-23 10:34:37'),(639,19,20,'\0','2019-11-23 10:34:55'),(640,15,16,'','2019-11-23 10:52:18'),(641,15,64,'','2019-11-23 10:53:18'),(642,15,55,'\0','2019-11-23 10:53:55'),(643,19,7,'\0','2019-11-23 11:00:38'),(644,19,5,'\0','2019-11-23 11:01:02'),(645,19,20,'\0','2019-11-23 11:05:59'),(646,19,4,'','2019-11-23 11:06:19'),(647,19,19,'\0','2019-11-23 11:06:42'),(648,19,14,'','2019-11-23 11:06:57'),(649,19,2,'\0','2019-11-23 11:13:36'),(650,19,7,'','2019-11-23 11:13:55'),(651,19,11,'\0','2019-11-23 11:14:10'),(652,19,16,'','2019-11-23 11:14:26'),(653,19,14,'','2019-11-23 11:14:42'),(654,19,6,'','2019-11-23 11:15:00'),(655,19,3,'\0','2019-11-23 11:15:17'),(657,19,20,'','2019-11-23 11:15:49'),(658,19,11,'\0','2019-11-23 11:33:47'),(659,19,14,'','2019-11-23 11:34:03'),(660,19,16,'','2019-11-23 11:34:18'),(661,19,18,'','2019-11-23 11:34:33'),(662,19,12,'\0','2019-11-23 11:35:00'),(663,19,19,'','2019-11-23 11:35:21'),(664,19,2,'','2019-11-23 11:35:39'),(665,19,4,'','2019-11-23 11:35:54'),(666,19,55,'\0','2019-11-23 11:36:12'),(667,19,1,'','2019-11-23 11:45:24'),(668,19,14,'','2019-11-23 11:45:41'),(669,19,20,'','2019-11-23 11:46:01'),(670,19,11,'','2019-11-23 11:46:16'),(671,19,6,'','2019-11-23 11:46:31'),(672,19,18,'','2019-11-23 11:46:50'),(673,19,2,'','2019-11-23 11:47:08'),(674,19,11,'\0','2019-11-23 11:54:16'),(675,19,19,'','2019-11-23 11:54:33'),(676,19,10,'\0','2019-11-23 11:54:52'),(677,19,4,'\0','2019-11-23 12:08:35'),(678,19,64,'','2019-11-23 12:08:55'),(679,19,14,'\0','2019-11-23 12:09:12'),(680,15,4,'','2019-11-23 12:45:25'),(681,15,1,'\0','2019-11-23 12:46:09'),(682,15,18,'','2019-11-23 12:48:38'),(683,15,55,'\0','2019-11-23 12:54:58'),(684,15,18,'','2019-11-23 12:55:15'),(685,15,9,'','2019-11-23 12:55:32'),(686,15,3,'','2019-11-23 12:55:52'),(687,14,2,'\0','2019-11-23 14:04:29'),(688,14,5,'','2019-11-23 14:05:03'),(689,14,9,'\0','2019-11-23 14:05:27'),(690,14,14,'','2019-11-23 14:05:45'),(691,14,18,'\0','2019-11-23 14:06:13'),(692,14,17,'\0','2019-11-23 14:06:43'),(693,14,4,'\0','2019-11-23 14:06:59'),(694,14,55,'\0','2019-11-23 14:07:16'),(695,14,64,'','2019-11-23 14:07:35'),(697,21,9,'','2019-11-23 14:09:33'),(698,21,12,'\0','2019-11-23 14:09:40'),(699,21,10,'','2019-11-23 14:18:58'),(700,21,1,'\0','2019-11-23 14:19:18'),(701,21,20,'','2019-11-23 14:19:43'),(702,21,13,'\0','2019-11-23 14:20:13'),(703,21,7,'','2019-11-23 14:20:49'),(705,21,16,'','2019-11-23 14:25:41'),(706,21,18,'\0','2019-11-23 14:26:38'),(707,21,17,'\0','2019-11-23 14:30:44'),(708,21,2,'\0','2019-11-23 14:31:34'),(709,21,17,'','2019-11-23 14:33:36'),(710,21,12,'\0','2019-11-23 14:33:56'),(711,21,10,'','2019-11-23 14:40:24'),(712,21,14,'\0','2019-11-23 14:40:41'),(713,19,18,'\0','2019-11-23 14:48:38'),(714,19,11,'','2019-11-23 14:48:54'),(715,19,14,'\0','2019-11-23 14:49:14'),(716,19,10,'','2019-11-23 14:49:28'),(717,19,19,'','2019-11-23 14:49:43'),(718,19,9,'\0','2019-11-23 14:49:58'),(719,19,16,'','2019-11-23 14:50:22'),(720,19,64,'','2019-11-23 14:50:37'),(721,19,7,'\0','2019-11-23 14:50:55'),(722,19,2,'\0','2019-11-23 14:51:10'),(723,21,13,'\0','2019-11-23 14:55:29'),(724,19,19,'','2019-11-23 14:58:26'),(725,21,16,'','2019-11-23 14:58:32'),(726,19,55,'\0','2019-11-23 14:58:41'),(727,21,20,'','2019-11-23 14:58:51'),(728,19,12,'\0','2019-11-23 14:58:59'),(729,19,6,'','2019-11-23 14:59:14'),(730,21,2,'\0','2019-11-23 14:59:19'),(731,19,18,'\0','2019-11-23 14:59:31'),(732,21,6,'','2019-11-23 14:59:47'),(733,19,5,'\0','2019-11-23 14:59:50'),(734,19,15,'','2019-11-23 15:00:14'),(735,19,64,'\0','2019-11-23 15:00:32'),(736,19,1,'\0','2019-11-23 15:00:48'),(737,19,20,'\0','2019-11-23 15:01:05'),(738,19,13,'\0','2019-11-23 15:08:58'),(739,19,15,'\0','2019-11-23 15:09:18'),(740,21,55,'\0','2019-11-23 15:21:28'),(741,21,11,'\0','2019-11-23 15:22:46'),(743,19,12,'\0','2019-11-23 15:39:46'),(744,19,6,'\0','2019-11-23 15:40:01'),(745,19,9,'\0','2019-11-23 15:40:16'),(746,19,10,'\0','2019-11-23 15:40:31'),(747,19,3,'\0','2019-11-23 15:40:49'),(749,19,18,'\0','2019-11-23 15:45:53'),(750,19,12,'','2019-11-23 15:46:16'),(751,19,19,'\0','2019-11-23 15:50:28'),(752,19,11,'\0','2019-11-23 15:50:45'),(753,19,55,'','2019-11-23 15:52:18'),(754,19,11,'\0','2019-11-23 15:52:35'),(755,19,13,'\0','2019-11-23 15:53:07'),(756,19,17,'\0','2019-11-23 15:53:38'),(757,19,12,'\0','2019-11-23 15:53:55'),(758,19,7,'\0','2019-11-23 15:54:18'),(759,19,64,'','2019-11-23 15:54:42'),(760,19,19,'\0','2019-11-23 15:55:08'),(762,21,15,'','2019-11-23 16:03:22'),(763,21,1,'\0','2019-11-23 16:04:58'),(764,19,4,'\0','2019-11-23 16:06:43'),(765,19,27,'\0','2019-11-23 16:11:34'),(766,19,18,'\0','2019-11-23 16:19:31'),(767,19,13,'\0','2019-11-23 16:19:49'),(768,19,7,'\0','2019-11-23 16:24:56'),(769,19,9,'\0','2019-11-23 16:25:11'),(770,19,10,'','2019-11-23 16:25:27'),(771,19,19,'\0','2019-11-23 16:25:43'),(772,19,19,'\0','2019-11-23 16:34:14'),(773,19,2,'\0','2019-11-23 16:34:33'),(774,19,16,'\0','2019-11-23 16:34:51'),(775,19,11,'\0','2019-11-23 16:35:08'),(776,19,5,'\0','2019-11-23 16:35:26'),(777,19,17,'\0','2019-11-23 16:39:41'),(778,19,17,'\0','2019-11-23 16:42:02'),(779,19,18,'\0','2019-11-23 16:42:18'),(780,19,14,'','2019-11-23 16:42:33'),(781,19,19,'\0','2019-11-23 19:41:33'),(782,19,55,'\0','2019-11-23 19:48:09'),(783,19,12,'\0','2019-11-23 19:48:45'),(784,19,13,'\0','2019-11-23 19:49:07'),(785,19,12,'','2019-11-23 20:02:58'),(786,19,9,'\0','2019-11-23 20:03:36'),(787,19,20,'\0','2019-11-23 20:04:13'),(788,19,64,'\0','2019-11-23 20:04:50'),(789,19,4,'\0','2019-11-23 20:11:46'),(790,19,2,'\0','2019-11-23 20:12:31'),(791,19,2,'\0','2019-11-23 20:16:35'),(792,19,4,'\0','2019-11-23 20:17:22'),(793,19,5,'\0','2019-11-24 13:15:58'),(794,19,22,'\0','2019-11-24 13:16:50'),(795,19,23,'\0','2019-11-24 13:17:27'),(796,19,3,'\0','2019-11-24 13:36:42'),(797,19,1,'\0','2019-11-24 13:38:49'),(798,19,6,'','2019-11-24 13:39:05'),(799,19,5,'\0','2019-11-24 13:39:22'),(800,19,64,'\0','2019-11-24 13:39:59'),(802,19,5,'\0','2019-11-24 14:26:18'),(803,19,6,'','2019-11-24 14:26:33'),(804,19,10,'\0','2019-11-24 14:26:49'),(805,19,1,'\0','2019-11-24 15:07:33'),(806,19,6,'\0','2019-11-24 15:08:09'),(807,19,9,'','2019-11-24 15:08:24'),(808,19,10,'\0','2019-11-24 15:08:42'),(809,19,11,'\0','2019-11-24 15:08:58'),(810,19,12,'\0','2019-11-24 15:09:19'),(811,19,13,'','2019-11-24 15:09:36'),(812,19,16,'\0','2019-11-24 15:09:52'),(813,19,20,'\0','2019-11-24 15:10:12'),(814,19,64,'','2019-11-24 15:10:29'),(815,19,23,'','2019-11-24 15:11:54'),(816,19,24,'\0','2019-11-24 15:12:11'),(817,19,1,'\0','2019-11-24 15:31:23'),(818,19,4,'','2019-11-24 15:31:42'),(819,19,5,'\0','2019-11-24 15:32:18'),(820,19,7,'\0','2019-11-24 15:32:54'),(822,19,3,'\0','2019-11-24 15:44:03'),(823,19,2,'\0','2019-11-24 15:48:48'),(824,19,6,'\0','2019-11-24 15:49:04'),(825,19,9,'\0','2019-11-24 15:49:19'),(826,19,1,'\0','2019-11-24 15:51:49'),(827,19,2,'\0','2019-11-24 15:52:04'),(828,19,4,'\0','2019-11-24 15:52:19'),(829,19,2,'\0','2019-11-24 15:58:26'),(830,19,3,'\0','2019-11-24 15:59:02'),(831,19,1,'\0','2019-11-24 16:09:26'),(832,19,2,'\0','2019-11-24 16:09:42'),(833,19,7,'\0','2019-11-24 16:09:58'),(834,19,2,'\0','2019-11-24 16:16:04'),(835,19,6,'\0','2019-11-24 16:16:19'),(836,19,11,'\0','2019-11-24 16:16:37'),(837,15,2,'\0','2019-11-24 21:56:40'),(838,15,5,'','2019-11-24 21:56:58'),(839,15,6,'','2019-11-24 21:57:17'),(841,15,11,'','2019-11-24 21:57:59'),(842,15,15,'\0','2019-11-24 21:58:28'),(843,15,17,'','2019-11-24 21:58:51'),(844,15,4,'\0','2019-11-24 22:17:38'),(845,15,5,'','2019-11-25 14:40:25'),(846,15,6,'\0','2019-11-25 14:40:44'),(847,15,7,'\0','2019-11-25 14:41:12'),(848,15,11,'\0','2019-11-25 14:41:33'),(849,15,13,'','2019-11-25 14:41:56'),(850,15,14,'\0','2019-11-25 14:42:32'),(851,15,15,'','2019-11-25 14:42:51'),(852,15,16,'\0','2019-11-25 14:43:07'),(853,15,18,'\0','2019-11-25 14:43:43'),(854,15,19,'\0','2019-11-25 14:44:19'),(855,15,3,'','2019-11-25 14:50:00'),(856,15,5,'','2019-11-25 14:50:18'),(857,19,1,'\0','2019-11-25 15:20:47'),(858,19,5,'\0','2019-11-25 15:30:46'),(859,19,2,'\0','2019-11-25 16:02:48'),(860,15,4,'\0','2019-11-25 17:05:04'),(861,15,11,'\0','2019-11-25 17:05:40'),(862,15,12,'\0','2019-11-25 17:06:16'),(863,15,13,'\0','2019-11-25 17:07:13'),(864,15,14,'\0','2019-11-25 17:07:48'),(865,15,15,'\0','2019-11-25 17:08:24'),(866,15,19,'\0','2019-11-25 17:09:00'),(867,15,20,'\0','2019-11-25 17:09:36'),(868,15,55,'\0','2019-11-25 17:10:15'),(869,15,64,'\0','2019-11-25 17:10:50'),(870,19,2,'\0','2019-11-25 17:52:14'),(871,19,21,'\0','2019-11-25 18:11:13'),(872,19,22,'\0','2019-11-25 18:11:49'),(873,19,22,'\0','2019-11-25 18:22:01'),(874,19,21,'\0','2019-11-25 18:25:25'),(875,19,25,'','2019-11-25 18:25:44'),(876,19,22,'\0','2019-11-25 18:32:48'),(877,19,23,'\0','2019-11-25 18:33:24'),(878,19,25,'\0','2019-11-25 18:33:59'),(879,19,27,'\0','2019-11-25 18:34:35'),(880,19,22,'\0','2019-11-25 18:37:56'),(881,19,23,'\0','2019-11-25 18:45:39'),(882,19,22,'\0','2019-11-25 18:53:14'),(883,19,23,'\0','2019-11-25 18:53:50'),(884,19,21,'\0','2019-11-25 19:00:10'),(885,19,22,'\0','2019-11-25 19:05:00'),(886,19,21,'\0','2019-11-25 19:07:56'),(887,19,21,'\0','2019-11-25 19:15:20'),(888,19,22,'\0','2019-11-25 19:15:56'),(889,19,23,'\0','2019-11-25 19:20:29'),(890,19,24,'\0','2019-11-25 19:25:24'),(891,19,21,'\0','2019-11-25 19:28:10'),(892,19,23,'\0','2019-11-25 19:28:45'),(893,19,24,'\0','2019-11-25 19:29:15'),(894,19,24,'\0','2019-11-25 19:34:50'),(895,19,22,'\0','2019-11-25 19:39:33'),(896,19,23,'\0','2019-11-25 19:39:56'),(897,19,25,'','2019-11-25 19:40:11'),(898,19,21,'\0','2019-11-25 19:43:39'),(899,19,28,'\0','2019-11-25 19:44:15'),(900,19,29,'\0','2019-11-25 19:44:50'),(901,19,31,'\0','2019-11-25 19:45:26'),(902,19,24,'\0','2019-11-25 21:09:01'),(903,19,28,'\0','2019-11-25 21:09:28'),(904,19,29,'','2019-11-25 21:09:48'),(905,19,30,'','2019-11-25 21:10:15'),(906,19,33,'\0','2019-11-25 21:10:52'),(907,14,90,'','2019-11-26 08:32:47'),(908,14,92,'','2019-11-26 08:33:16'),(909,14,93,'\0','2019-11-26 08:33:42'),(910,14,98,'','2019-11-26 08:34:01'),(911,19,110,'\0','2019-11-26 10:37:55'),(912,19,113,'\0','2019-11-26 10:38:18'),(913,19,114,'','2019-11-26 10:38:41'),(914,19,116,'','2019-11-26 10:39:09'),(915,19,117,'\0','2019-11-26 10:39:46'),(916,19,118,'','2019-11-26 10:40:09'),(917,19,119,'\0','2019-11-26 10:40:40'),(918,19,121,'\0','2019-11-26 10:41:01'),(919,19,123,'\0','2019-11-26 10:41:17'),(920,19,125,'\0','2019-11-26 10:41:39'),(921,21,90,'\0','2019-11-26 11:40:44'),(922,21,91,'\0','2019-11-26 11:41:20'),(923,21,93,'\0','2019-11-26 11:50:11'),(924,21,91,'\0','2019-11-26 11:54:48'),(925,19,90,'\0','2019-11-26 11:56:07'),(926,19,92,'\0','2019-11-26 11:56:44'),(927,19,93,'\0','2019-11-26 11:57:00'),(928,21,93,'\0','2019-11-26 11:57:11'),(929,19,94,'','2019-11-26 11:57:15'),(930,21,94,'\0','2019-11-26 11:57:47'),(931,21,99,'\0','2019-11-26 11:58:12'),(932,21,101,'\0','2019-11-26 11:58:30'),(933,21,102,'\0','2019-11-26 11:58:48'),(934,21,104,'\0','2019-11-26 11:59:13'),(935,21,105,'\0','2019-11-26 12:00:04'),(936,21,106,'\0','2019-11-26 12:00:54'),(937,21,107,'\0','2019-11-26 12:02:06'),(938,21,91,'\0','2019-11-26 12:13:24'),(939,21,92,'\0','2019-11-26 12:13:40'),(940,21,94,'\0','2019-11-26 12:14:16'),(941,21,95,'\0','2019-11-26 12:14:52'),(942,21,98,'\0','2019-11-26 12:15:28'),(943,21,102,'','2019-11-26 12:15:47'),(944,21,103,'\0','2019-11-26 12:16:26'),(945,21,104,'\0','2019-11-26 12:17:09'),(946,21,106,'\0','2019-11-26 12:18:05'),(947,21,109,'\0','2019-11-26 12:19:12'),(948,15,63,'','2019-11-26 15:04:58'),(949,15,64,'\0','2019-11-26 15:05:36'),(950,15,126,'','2019-11-26 15:06:10'),(951,15,63,'\0','2019-11-26 15:11:08'),(952,15,64,'','2019-11-26 15:12:00'),(953,19,110,'','2019-11-26 15:17:44'),(954,19,111,'\0','2019-11-26 15:18:04'),(955,19,112,'','2019-11-26 15:18:22'),(956,19,114,'\0','2019-11-26 15:18:45'),(957,19,116,'','2019-11-26 15:19:04'),(958,19,117,'\0','2019-11-26 15:19:26'),(959,19,120,'','2019-11-26 15:19:51'),(960,19,122,'','2019-11-26 15:20:17'),(961,19,124,'\0','2019-11-26 15:20:43'),(962,19,125,'','2019-11-26 15:21:05'),(963,19,60,'\0','2019-11-26 15:24:10'),(964,19,63,'\0','2019-11-26 15:24:30'),(965,19,73,'\0','2019-11-26 15:24:54'),(966,19,126,'\0','2019-11-26 15:25:27'),(967,19,128,'\0','2019-11-26 15:26:03'),(968,21,90,'\0','2019-11-26 16:34:33'),(969,21,92,'\0','2019-11-26 16:35:31'),(970,21,93,'\0','2019-11-26 16:36:07'),(971,21,98,'\0','2019-11-26 16:36:44'),(972,21,99,'\0','2019-11-26 16:37:20'),(973,21,102,'\0','2019-11-26 16:37:57'),(974,21,104,'\0','2019-11-26 16:38:34'),(975,21,107,'\0','2019-11-26 16:39:10'),(976,21,108,'\0','2019-11-26 16:39:47'),(977,21,109,'\0','2019-11-26 16:40:24'),(978,19,110,'\0','2019-11-26 17:09:10'),(979,19,112,'\0','2019-11-26 17:09:33'),(980,19,115,'\0','2019-11-26 17:09:54'),(981,19,116,'','2019-11-26 17:10:14'),(982,19,60,'','2019-11-26 21:07:18'),(983,19,73,'','2019-11-26 21:07:49'),(984,19,126,'\0','2019-11-26 21:08:08'),(985,19,127,'','2019-11-26 21:08:35'),(986,19,130,'\0','2019-11-26 21:09:12'),(987,19,63,'\0','2019-11-26 21:10:10'),(988,19,73,'','2019-11-26 21:10:28'),(989,19,126,'\0','2019-11-26 21:10:46'),(990,19,127,'\0','2019-11-26 21:11:02'),(991,19,130,'\0','2019-11-26 21:11:37'),(992,19,131,'\0','2019-11-26 21:12:13'),(993,19,64,'\0','2019-11-26 21:15:00'),(994,19,83,'\0','2019-11-26 21:15:30'),(995,19,131,'\0','2019-11-26 21:16:06'),(996,19,132,'\0','2019-11-26 21:16:42'),(997,19,134,'\0','2019-11-26 21:17:17'),(998,19,60,'\0','2019-11-26 22:01:00'),(999,19,63,'\0','2019-11-26 22:01:19'),(1000,19,64,'\0','2019-11-26 22:01:37'),(1001,19,83,'','2019-11-26 22:01:54'),(1002,19,128,'','2019-11-26 22:02:14'),(1003,19,132,'\0','2019-11-26 22:02:43'),(1004,19,133,'','2019-11-26 22:03:12'),(1005,19,134,'\0','2019-11-26 22:03:42'),(1006,19,138,'\0','2019-11-26 22:04:07'),(1007,19,140,'','2019-11-26 22:04:36'),(1008,14,90,'\0','2019-11-27 12:49:16'),(1009,14,91,'','2019-11-27 12:49:40'),(1010,14,93,'\0','2019-11-27 12:50:07'),(1011,14,94,'','2019-11-27 12:50:35'),(1012,14,96,'','2019-11-27 12:51:01'),(1013,14,98,'','2019-11-27 12:51:21'),(1014,14,99,'','2019-11-27 12:51:43'),(1015,14,102,'\0','2019-11-27 12:52:10'),(1016,14,106,'','2019-11-27 12:52:33'),(1017,14,107,'','2019-11-27 12:53:01'),(1018,14,110,'\0','2019-11-27 12:56:45'),(1019,14,112,'\0','2019-11-27 12:57:06'),(1020,14,117,'','2019-11-27 12:57:35'),(1021,14,118,'\0','2019-11-27 12:58:00'),(1022,14,119,'\0','2019-11-27 12:58:30'),(1023,14,120,'\0','2019-11-27 12:58:52'),(1024,14,122,'\0','2019-11-27 12:59:30'),(1025,14,123,'','2019-11-27 12:59:48'),(1026,14,124,'\0','2019-11-27 13:00:14'),(1027,14,125,'','2019-11-27 13:00:40'),(1028,14,60,'\0','2019-11-27 13:01:36'),(1029,14,63,'\0','2019-11-27 13:02:00'),(1030,14,73,'','2019-11-27 13:02:26'),(1031,14,83,'\0','2019-11-27 13:03:00'),(1032,14,128,'','2019-11-27 13:03:21'),(1033,14,130,'','2019-11-27 13:03:49'),(1034,14,131,'\0','2019-11-27 13:04:19'),(1035,14,134,'','2019-11-27 13:04:44'),(1036,14,137,'\0','2019-11-27 13:05:13'),(1037,14,139,'','2019-11-27 13:05:47'),(1038,14,90,'\0','2019-11-27 13:13:21'),(1039,22,91,'','2019-11-27 14:28:11'),(1040,22,92,'','2019-11-27 14:28:31'),(1041,22,95,'','2019-11-27 14:28:52'),(1042,22,97,'','2019-11-27 14:29:12'),(1043,22,111,'\0','2019-11-27 14:35:10'),(1044,22,112,'\0','2019-11-27 14:35:30'),(1045,22,114,'\0','2019-11-27 14:35:49'),(1046,22,116,'','2019-11-27 14:36:11'),(1047,22,117,'','2019-11-27 14:36:38'),(1048,22,118,'','2019-11-27 14:37:04'),(1049,22,119,'\0','2019-11-27 14:37:28'),(1050,22,121,'\0','2019-11-27 14:37:49'),(1051,22,124,'\0','2019-11-27 14:38:07'),(1052,22,125,'','2019-11-27 14:38:27'),(1053,22,60,'\0','2019-11-27 14:39:20'),(1054,22,73,'','2019-11-27 14:39:48'),(1055,22,83,'\0','2019-11-27 14:40:18'),(1056,22,127,'','2019-11-27 14:40:41'),(1057,22,128,'','2019-11-27 14:41:02'),(1058,22,130,'','2019-11-27 14:41:29'),(1059,22,131,'','2019-11-27 14:42:04'),(1060,19,93,'\0','2019-11-27 16:52:53'),(1061,15,110,'','2019-11-27 18:03:23'),(1062,15,111,'\0','2019-11-27 18:04:01'),(1063,15,112,'\0','2019-11-27 18:04:26'),(1064,15,113,'\0','2019-11-27 18:05:04'),(1065,15,114,'\0','2019-11-27 18:05:43'),(1066,15,116,'','2019-11-27 18:06:10'),(1067,15,118,'','2019-11-27 18:06:36'),(1068,15,91,'\0','2019-11-27 18:08:11'),(1069,23,60,'\0','2019-11-27 18:20:33'),(1070,23,64,'','2019-11-27 18:20:51'),(1071,23,83,'','2019-11-27 18:21:11'),(1072,23,126,'','2019-11-27 18:21:30'),(1073,23,127,'\0','2019-11-27 18:21:49'),(1074,23,128,'','2019-11-27 18:22:07'),(1075,23,130,'','2019-11-27 18:22:26'),(1076,23,131,'','2019-11-27 18:22:46'),(1077,23,138,'','2019-11-27 18:23:05'),(1078,23,139,'','2019-11-27 18:23:23'),(1079,22,90,'\0','2019-11-27 18:29:02'),(1080,22,91,'\0','2019-11-27 18:29:34'),(1081,22,92,'','2019-11-27 18:30:04'),(1082,22,93,'','2019-11-27 18:30:22'),(1083,22,94,'','2019-11-27 18:30:54'),(1084,22,97,'','2019-11-27 18:31:16'),(1085,22,99,'','2019-11-27 18:31:39'),(1086,22,100,'\0','2019-11-27 18:32:07'),(1087,22,101,'','2019-11-27 18:32:29'),(1088,22,106,'','2019-11-27 18:32:50'),(1089,22,60,'','2019-11-27 18:34:05'),(1090,22,64,'','2019-11-27 18:34:30'),(1091,22,83,'\0','2019-11-27 18:35:00'),(1092,22,127,'\0','2019-11-27 18:35:22'),(1093,22,128,'\0','2019-11-27 18:35:47'),(1094,22,131,'\0','2019-11-27 18:36:11'),(1095,22,132,'','2019-11-27 18:36:46'),(1096,22,138,'\0','2019-11-27 18:37:19'),(1097,22,139,'\0','2019-11-27 18:37:49'),(1098,22,140,'\0','2019-11-27 18:38:23'),(1099,22,110,'\0','2019-11-27 18:39:05'),(1100,22,112,'\0','2019-11-27 18:39:31'),(1101,22,113,'','2019-11-27 18:39:54'),(1102,22,114,'\0','2019-11-27 18:40:27'),(1103,22,115,'\0','2019-11-27 18:40:50'),(1104,22,118,'\0','2019-11-27 18:41:14'),(1105,22,121,'','2019-11-27 18:41:37'),(1106,22,122,'\0','2019-11-27 18:42:06'),(1107,22,123,'','2019-11-27 18:42:25'),(1108,22,125,'','2019-11-27 18:42:47'),(1109,24,60,'','2019-11-27 19:19:42'),(1110,24,111,'\0','2019-11-27 19:22:53'),(1111,24,112,'','2019-11-27 19:23:12'),(1112,24,113,'','2019-11-27 19:23:30'),(1113,24,114,'\0','2019-11-27 19:23:47'),(1114,24,115,'','2019-11-27 19:24:03'),(1115,24,120,'\0','2019-11-27 19:24:20'),(1116,24,121,'','2019-11-27 19:24:36'),(1117,24,123,'\0','2019-11-27 19:24:54'),(1118,24,124,'\0','2019-11-27 19:25:10'),(1119,24,125,'\0','2019-11-27 19:25:26'),(1120,21,90,'\0','2019-11-27 21:03:28'),(1121,21,91,'\0','2019-11-27 21:03:50'),(1122,21,92,'\0','2019-11-27 21:04:29'),(1123,21,93,'\0','2019-11-27 21:05:09'),(1124,21,96,'\0','2019-11-27 21:05:45'),(1125,21,101,'\0','2019-11-27 21:06:23'),(1126,21,103,'\0','2019-11-27 21:06:48'),(1127,21,106,'\0','2019-11-27 21:07:27'),(1128,21,108,'','2019-11-27 21:07:49'),(1129,21,109,'','2019-11-27 21:08:15'),(1130,22,91,'\0','2019-11-28 08:38:15'),(1131,22,92,'\0','2019-11-28 08:38:42'),(1132,22,93,'\0','2019-11-28 08:39:12'),(1133,22,94,'\0','2019-11-28 08:39:43'),(1134,22,98,'\0','2019-11-28 08:40:07'),(1135,22,99,'','2019-11-28 08:40:29'),(1136,22,100,'\0','2019-11-28 08:40:50'),(1137,22,102,'\0','2019-11-28 08:41:12'),(1138,22,106,'','2019-11-28 08:41:33'),(1139,22,107,'','2019-11-28 08:41:58'),(1140,19,64,'\0','2019-11-28 08:57:42');
/*!40000 ALTER TABLE `user_question` ENABLE KEYS */;
UNLOCK TABLES;
/*!40103 SET TIME_ZONE=@OLD_TIME_ZONE */;

/*!40101 SET SQL_MODE=@OLD_SQL_MODE */;
/*!40014 SET FOREIGN_KEY_CHECKS=@OLD_FOREIGN_KEY_CHECKS */;
/*!40014 SET UNIQUE_CHECKS=@OLD_UNIQUE_CHECKS */;
/*!40101 SET CHARACTER_SET_CLIENT=@OLD_CHARACTER_SET_CLIENT */;
/*!40101 SET CHARACTER_SET_RESULTS=@OLD_CHARACTER_SET_RESULTS */;
/*!40101 SET COLLATION_CONNECTION=@OLD_COLLATION_CONNECTION */;
/*!40111 SET SQL_NOTES=@OLD_SQL_NOTES */;

-- Dump completed on 2019-11-28 12:01:09
